기간,국가,HS코드,품목명,수출 중량,수출 금액,수입 중량,수입 금액,무역수지
"총계","","","",790716.7,25173430,77461.3,2831454,22341976
"2023","가나","3304","미용이나 메이크업용 제품류와 기초화장용 제품류[의약품은 제외하며, 선스크린(sunscreen)과 선탠(sun tan) 제품류를 포함한다], 매니큐어용 제품류와 페디큐어(pedicure)용 제품류",4.6,196,0.0,0,196
"2023","가봉","3304","미용이나 메이크업용 제품류와 기초화장용 제품류[의약품은 제외하며, 선스크린(sunscreen)과 선탠(sun tan) 제품류를 포함한다], 매니큐어용 제품류와 페디큐어(pedicure)용 제품류",0.0,1,0.0,0,1
"2023","가이아나","3304","미용이나 메이크업용 제품류와 기초화장용 제품류[의약품은 제외하며, 선스크린(sunscreen)과 선탠(sun tan) 제품류를 포함한다], 매니큐어용 제품류와 페디큐어(pedicure)용 제품류",0.0,13,0.0,0,13
"2023","건지","3304","미용이나 메이크업용 제품류와 기초화장용 제품류[의약품은 제외하며, 선스크린(sunscreen)과 선탠(sun tan) 제품류를 포함한다], 매니큐어용 제품류와 페디큐어(pedicure)용 제품류",0.0,0,0.0,0,0
"2023","과델로프","3304","미용이나 메이크업용 제품류와 기초화장용 제품류[의약품은 제외하며, 선스크린(sunscreen)과 선탠(sun tan) 제품류를 포함한다], 매니큐어용 제품류와 페디큐어(pedicure)용 제품류",1.5,79,0.0,0,79
"2023","과테말라","3304","미용이나 메이크업용 제품류와 기초화장용 제품류[의약품은 제외하며, 선스크린(sunscreen)과 선탠(sun tan) 제품류를 포함한다], 매니큐어용 제품류와 페디큐어(pedicure)용 제품류",13.4,419,0.1,2,417
"2023","괌","3304","미용이나 메이크업용 제품류와 기초화장용 제품류[의약품은 제외하며, 선스크린(sunscreen)과 선탠(sun tan) 제품류를 포함한다], 매니큐어용 제품류와 페디큐어(pedicure)용 제품류",12.0,465,0.0,0,465
"2023","그레나다","3304","미용이나 메이크업용 제품류와 기초화장용 제품류[의약품은 제외하며, 선스크린(sunscreen)과 선탠(sun tan) 제품류를 포함한다], 매니큐어용 제품류와 페디큐어(pedicure)용 제품류",0.0,0,0.0,0,0
"2023","그리스","3304","미용이나 메이크업용 제품류와 기초화장용 제품류[의약품은 제외하며, 선스크린(sunscreen)과 선탠(sun tan) 제품류를 포함한다], 매니큐어용 제품류와 페디큐어(pedicure)용 제품류",78.2,4244,55.9,1277,2967
"2023","그린랜드","3304","미용이나 메이크업용 제품류와 기초화장용 제품류[의약품은 제외하며, 선스크린(sunscreen)과 선탠(sun tan) 제품류를 포함한다], 매니큐어용 제품류와 페디큐어(pedicure)용 제품류",0.4,21,0.0,0,21
"2023","기니","3304","미용이나 메이크업용 제품류와 기초화장용 제품류[의약품은 제외하며, 선스크린(sunscreen)과 선탠(sun tan) 제품류를 포함한다], 매니큐어용 제품류와 페디큐어(pedicure)용 제품류",0.0,0,0.0,0,0
"2023","기타국","3304","미용이나 메이크업용 제품류와 기초화장용 제품류[의약품은 제외하며, 선스크린(sunscreen)과 선탠(sun tan) 제품류를 포함한다], 매니큐어용 제품류와 페디큐어(pedicure)용 제품류",2.3,243,0.0,2,241
"2023","나미비아","3304","미용이나 메이크업용 제품류와 기초화장용 제품류[의약품은 제외하며, 선스크린(sunscreen)과 선탠(sun tan) 제품류를 포함한다], 매니큐어용 제품류와 페디큐어(pedicure)용 제품류",2.8,73,0.0,0,73
"2023","나이지리아","3304","미용이나 메이크업용 제품류와 기초화장용 제품류[의약품은 제외하며, 선스크린(sunscreen)과 선탠(sun tan) 제품류를 포함한다], 매니큐어용 제품류와 페디큐어(pedicure)용 제품류",205.5,7599,0.1,3,7596
"2023","남아프리카공화국","3304","미용이나 메이크업용 제품류와 기초화장용 제품류[의약품은 제외하며, 선스크린(sunscreen)과 선탠(sun tan) 제품류를 포함한다], 매니큐어용 제품류와 페디큐어(pedicure)용 제품류",87.2,2672,3.9,133,2539
"2023","남조지아 & 남샌드위치 군도","3304","미용이나 메이크업용 제품류와 기초화장용 제품류[의약품은 제외하며, 선스크린(sunscreen)과 선탠(sun tan) 제품류를 포함한다], 매니큐어용 제품류와 페디큐어(pedicure)용 제품류",0.0,1,0.0,0,1
"2023","네덜란드","3304","미용이나 메이크업용 제품류와 기초화장용 제품류[의약품은 제외하며, 선스크린(sunscreen)과 선탠(sun tan) 제품류를 포함한다], 매니큐어용 제품류와 페디큐어(pedicure)용 제품류",1724.1,55916,9.0,2451,53465
"2023","네팔","3304","미용이나 메이크업용 제품류와 기초화장용 제품류[의약품은 제외하며, 선스크린(sunscreen)과 선탠(sun tan) 제품류를 포함한다], 매니큐어용 제품류와 페디큐어(pedicure)용 제품류",66.6,1415,0.0,0,1415
"2023","노르웨이","3304","미용이나 메이크업용 제품류와 기초화장용 제품류[의약품은 제외하며, 선스크린(sunscreen)과 선탠(sun tan) 제품류를 포함한다], 매니큐어용 제품류와 페디큐어(pedicure)용 제품류",274.7,11430,0.2,6,11424
"2023","뉴 칼레도니아","3304","미용이나 메이크업용 제품류와 기초화장용 제품류[의약품은 제외하며, 선스크린(sunscreen)과 선탠(sun tan) 제품류를 포함한다], 매니큐어용 제품류와 페디큐어(pedicure)용 제품류",1.1,48,0.0,0,48
"2023","뉴질랜드","3304","미용이나 메이크업용 제품류와 기초화장용 제품류[의약품은 제외하며, 선스크린(sunscreen)과 선탠(sun tan) 제품류를 포함한다], 매니큐어용 제품류와 페디큐어(pedicure)용 제품류",194.7,6631,25.8,971,5659
"2023","니제르","3304","미용이나 메이크업용 제품류와 기초화장용 제품류[의약품은 제외하며, 선스크린(sunscreen)과 선탠(sun tan) 제품류를 포함한다], 매니큐어용 제품류와 페디큐어(pedicure)용 제품류",0.1,3,0.0,0,3
"2023","대만","3304","미용이나 메이크업용 제품류와 기초화장용 제품류[의약품은 제외하며, 선스크린(sunscreen)과 선탠(sun tan) 제품류를 포함한다], 매니큐어용 제품류와 페디큐어(pedicure)용 제품류",8970.8,166437,82.8,1225,165212
"2023","덴마크","3304","미용이나 메이크업용 제품류와 기초화장용 제품류[의약품은 제외하며, 선스크린(sunscreen)과 선탠(sun tan) 제품류를 포함한다], 매니큐어용 제품류와 페디큐어(pedicure)용 제품류",169.0,8019,1.6,151,7868
"2023","도미니카 공화국","3304","미용이나 메이크업용 제품류와 기초화장용 제품류[의약품은 제외하며, 선스크린(sunscreen)과 선탠(sun tan) 제품류를 포함한다], 매니큐어용 제품류와 페디큐어(pedicure)용 제품류",6.1,768,0.0,0,768
"2023","독일","3304","미용이나 메이크업용 제품류와 기초화장용 제품류[의약품은 제외하며, 선스크린(sunscreen)과 선탠(sun tan) 제품류를 포함한다], 매니큐어용 제품류와 페디큐어(pedicure)용 제품류",996.0,40343,1303.2,40936,-594
"2023","라오스","3304","미용이나 메이크업용 제품류와 기초화장용 제품류[의약품은 제외하며, 선스크린(sunscreen)과 선탠(sun tan) 제품류를 포함한다], 매니큐어용 제품류와 페디큐어(pedicure)용 제품류",58.0,3349,0.0,0,3349
"2023","라이베리아","3304","미용이나 메이크업용 제품류와 기초화장용 제품류[의약품은 제외하며, 선스크린(sunscreen)과 선탠(sun tan) 제품류를 포함한다], 매니큐어용 제품류와 페디큐어(pedicure)용 제품류",0.0,0,0.0,0,0
"2023","라트비아","3304","미용이나 메이크업용 제품류와 기초화장용 제품류[의약품은 제외하며, 선스크린(sunscreen)과 선탠(sun tan) 제품류를 포함한다], 매니큐어용 제품류와 페디큐어(pedicure)용 제품류",82.9,2542,0.3,61,2481
"2023","러시아 연방","3304","미용이나 메이크업용 제품류와 기초화장용 제품류[의약품은 제외하며, 선스크린(sunscreen)과 선탠(sun tan) 제품류를 포함한다], 매니큐어용 제품류와 페디큐어(pedicure)용 제품류",14773.6,316157,1.4,205,315953
"2023","레바논","3304","미용이나 메이크업용 제품류와 기초화장용 제품류[의약품은 제외하며, 선스크린(sunscreen)과 선탠(sun tan) 제품류를 포함한다], 매니큐어용 제품류와 페디큐어(pedicure)용 제품류",13.2,2033,0.0,0,2033
"2023","루마니아","3304","미용이나 메이크업용 제품류와 기초화장용 제품류[의약품은 제외하며, 선스크린(sunscreen)과 선탠(sun tan) 제품류를 포함한다], 매니큐어용 제품류와 페디큐어(pedicure)용 제품류",316.9,12512,0.0,1,12512
"2023","룩셈부르그","3304","미용이나 메이크업용 제품류와 기초화장용 제품류[의약품은 제외하며, 선스크린(sunscreen)과 선탠(sun tan) 제품류를 포함한다], 매니큐어용 제품류와 페디큐어(pedicure)용 제품류",1.1,275,10.2,399,-123
"2023","르완다","3304","미용이나 메이크업용 제품류와 기초화장용 제품류[의약품은 제외하며, 선스크린(sunscreen)과 선탠(sun tan) 제품류를 포함한다], 매니큐어용 제품류와 페디큐어(pedicure)용 제품류",0.0,0,0.0,0,0
"2023","리비아","3304","미용이나 메이크업용 제품류와 기초화장용 제품류[의약품은 제외하며, 선스크린(sunscreen)과 선탠(sun tan) 제품류를 포함한다], 매니큐어용 제품류와 페디큐어(pedicure)용 제품류",27.3,1618,0.0,0,1618
"2023","리투아니아","3304","미용이나 메이크업용 제품류와 기초화장용 제품류[의약품은 제외하며, 선스크린(sunscreen)과 선탠(sun tan) 제품류를 포함한다], 매니큐어용 제품류와 페디큐어(pedicure)용 제품류",219.4,15100,0.2,14,15086
"2023","마다카스카르","3304","미용이나 메이크업용 제품류와 기초화장용 제품류[의약품은 제외하며, 선스크린(sunscreen)과 선탠(sun tan) 제품류를 포함한다], 매니큐어용 제품류와 페디큐어(pedicure)용 제품류",0.0,1,0.0,0,1
"2023","마샬군도","3304","미용이나 메이크업용 제품류와 기초화장용 제품류[의약품은 제외하며, 선스크린(sunscreen)과 선탠(sun tan) 제품류를 포함한다], 매니큐어용 제품류와 페디큐어(pedicure)용 제품류",0.0,0,0.0,0,0
"2023","마세도니아","3304","미용이나 메이크업용 제품류와 기초화장용 제품류[의약품은 제외하며, 선스크린(sunscreen)과 선탠(sun tan) 제품류를 포함한다], 매니큐어용 제품류와 페디큐어(pedicure)용 제품류",10.4,484,0.0,0,484
"2023","마이크로네시아","3304","미용이나 메이크업용 제품류와 기초화장용 제품류[의약품은 제외하며, 선스크린(sunscreen)과 선탠(sun tan) 제품류를 포함한다], 매니큐어용 제품류와 페디큐어(pedicure)용 제품류",0.2,0,0.0,0,0
"2023","마카오","3304","미용이나 메이크업용 제품류와 기초화장용 제품류[의약품은 제외하며, 선스크린(sunscreen)과 선탠(sun tan) 제품류를 포함한다], 매니큐어용 제품류와 페디큐어(pedicure)용 제품류",51.0,1203,0.0,0,1203
"2023","마티니크","3304","미용이나 메이크업용 제품류와 기초화장용 제품류[의약품은 제외하며, 선스크린(sunscreen)과 선탠(sun tan) 제품류를 포함한다], 매니큐어용 제품류와 페디큐어(pedicure)용 제품류",2.5,121,0.0,0,121
"2023","말라위","3304","미용이나 메이크업용 제품류와 기초화장용 제품류[의약품은 제외하며, 선스크린(sunscreen)과 선탠(sun tan) 제품류를 포함한다], 매니큐어용 제품류와 페디큐어(pedicure)용 제품류",0.0,1,0.0,0,1
"2023","말레이시아","3304","미용이나 메이크업용 제품류와 기초화장용 제품류[의약품은 제외하며, 선스크린(sunscreen)과 선탠(sun tan) 제품류를 포함한다], 매니큐어용 제품류와 페디큐어(pedicure)용 제품류",3727.4,88828,813.7,4249,84580
"2023","말리","3304","미용이나 메이크업용 제품류와 기초화장용 제품류[의약품은 제외하며, 선스크린(sunscreen)과 선탠(sun tan) 제품류를 포함한다], 매니큐어용 제품류와 페디큐어(pedicure)용 제품류",0.4,15,0.0,0,15
"2023","메요트","3304","미용이나 메이크업용 제품류와 기초화장용 제품류[의약품은 제외하며, 선스크린(sunscreen)과 선탠(sun tan) 제품류를 포함한다], 매니큐어용 제품류와 페디큐어(pedicure)용 제품류",0.0,0,0.0,0,0
"2023","멕시코","3304","미용이나 메이크업용 제품류와 기초화장용 제품류[의약품은 제외하며, 선스크린(sunscreen)과 선탠(sun tan) 제품류를 포함한다], 매니큐어용 제품류와 페디큐어(pedicure)용 제품류",189.8,13586,75.1,551,13035
"2023","모나코","3304","미용이나 메이크업용 제품류와 기초화장용 제품류[의약품은 제외하며, 선스크린(sunscreen)과 선탠(sun tan) 제품류를 포함한다], 매니큐어용 제품류와 페디큐어(pedicure)용 제품류",0.2,7,32.5,1494,-1487
"2023","모로코","3304","미용이나 메이크업용 제품류와 기초화장용 제품류[의약품은 제외하며, 선스크린(sunscreen)과 선탠(sun tan) 제품류를 포함한다], 매니큐어용 제품류와 페디큐어(pedicure)용 제품류",8.6,577,1.2,18,559
"2023","모리셔스","3304","미용이나 메이크업용 제품류와 기초화장용 제품류[의약품은 제외하며, 선스크린(sunscreen)과 선탠(sun tan) 제품류를 포함한다], 매니큐어용 제품류와 페디큐어(pedicure)용 제품류",20.4,777,0.0,11,766
"2023","모리타니","3304","미용이나 메이크업용 제품류와 기초화장용 제품류[의약품은 제외하며, 선스크린(sunscreen)과 선탠(sun tan) 제품류를 포함한다], 매니큐어용 제품류와 페디큐어(pedicure)용 제품류",6.1,7,0.0,0,7
"2023","모잠비크","3304","미용이나 메이크업용 제품류와 기초화장용 제품류[의약품은 제외하며, 선스크린(sunscreen)과 선탠(sun tan) 제품류를 포함한다], 매니큐어용 제품류와 페디큐어(pedicure)용 제품류",0.1,3,0.0,0,3
"2023","몬테네그로","3304","미용이나 메이크업용 제품류와 기초화장용 제품류[의약품은 제외하며, 선스크린(sunscreen)과 선탠(sun tan) 제품류를 포함한다], 매니큐어용 제품류와 페디큐어(pedicure)용 제품류",6.7,215,0.0,0,215
"2023","몰도바","3304","미용이나 메이크업용 제품류와 기초화장용 제품류[의약품은 제외하며, 선스크린(sunscreen)과 선탠(sun tan) 제품류를 포함한다], 매니큐어용 제품류와 페디큐어(pedicure)용 제품류",153.3,4799,0.0,6,4793
"2023","몰디브","3304","미용이나 메이크업용 제품류와 기초화장용 제품류[의약품은 제외하며, 선스크린(sunscreen)과 선탠(sun tan) 제품류를 포함한다], 매니큐어용 제품류와 페디큐어(pedicure)용 제품류",13.0,368,0.0,0,368
"2023","몰타","3304","미용이나 메이크업용 제품류와 기초화장용 제품류[의약품은 제외하며, 선스크린(sunscreen)과 선탠(sun tan) 제품류를 포함한다], 매니큐어용 제품류와 페디큐어(pedicure)용 제품류",7.7,492,0.0,0,491
"2023","몽골","3304","미용이나 메이크업용 제품류와 기초화장용 제품류[의약품은 제외하며, 선스크린(sunscreen)과 선탠(sun tan) 제품류를 포함한다], 매니큐어용 제품류와 페디큐어(pedicure)용 제품류",2022.9,31137,2.1,42,31095
"2023","미국","3304","미용이나 메이크업용 제품류와 기초화장용 제품류[의약품은 제외하며, 선스크린(sunscreen)과 선탠(sun tan) 제품류를 포함한다], 매니큐어용 제품류와 페디큐어(pedicure)용 제품류",40196.2,1023042,4656.7,197340,825702
"2023","미령 버진군도","3304","미용이나 메이크업용 제품류와 기초화장용 제품류[의약품은 제외하며, 선스크린(sunscreen)과 선탠(sun tan) 제품류를 포함한다], 매니큐어용 제품류와 페디큐어(pedicure)용 제품류",0.0,2,0.0,0,2
"2023","미얀마","3304","미용이나 메이크업용 제품류와 기초화장용 제품류[의약품은 제외하며, 선스크린(sunscreen)과 선탠(sun tan) 제품류를 포함한다], 매니큐어용 제품류와 페디큐어(pedicure)용 제품류",2731.7,40995,0.4,4,40992
"2023","바누아투","3304","미용이나 메이크업용 제품류와 기초화장용 제품류[의약품은 제외하며, 선스크린(sunscreen)과 선탠(sun tan) 제품류를 포함한다], 매니큐어용 제품류와 페디큐어(pedicure)용 제품류",0.0,0,0.0,0,0
"2023","바레인","3304","미용이나 메이크업용 제품류와 기초화장용 제품류[의약품은 제외하며, 선스크린(sunscreen)과 선탠(sun tan) 제품류를 포함한다], 매니큐어용 제품류와 페디큐어(pedicure)용 제품류",15.8,677,0.0,2,675
"2023","바베이도스","3304","미용이나 메이크업용 제품류와 기초화장용 제품류[의약품은 제외하며, 선스크린(sunscreen)과 선탠(sun tan) 제품류를 포함한다], 매니큐어용 제품류와 페디큐어(pedicure)용 제품류",0.0,7,0.0,0,7
"2023","방글라데시","3304","미용이나 메이크업용 제품류와 기초화장용 제품류[의약품은 제외하며, 선스크린(sunscreen)과 선탠(sun tan) 제품류를 포함한다], 매니큐어용 제품류와 페디큐어(pedicure)용 제품류",234.4,4377,0.0,0,4377
"2023","버뮤다","3304","미용이나 메이크업용 제품류와 기초화장용 제품류[의약품은 제외하며, 선스크린(sunscreen)과 선탠(sun tan) 제품류를 포함한다], 매니큐어용 제품류와 페디큐어(pedicure)용 제품류",0.0,1,0.0,0,1
"2023","베네주엘라","3304","미용이나 메이크업용 제품류와 기초화장용 제품류[의약품은 제외하며, 선스크린(sunscreen)과 선탠(sun tan) 제품류를 포함한다], 매니큐어용 제품류와 페디큐어(pedicure)용 제품류",13.3,504,0.0,0,504
"2023","베닝","3304","미용이나 메이크업용 제품류와 기초화장용 제품류[의약품은 제외하며, 선스크린(sunscreen)과 선탠(sun tan) 제품류를 포함한다], 매니큐어용 제품류와 페디큐어(pedicure)용 제품류",0.0,3,0.0,0,3
"2023","베트남","3304","미용이나 메이크업용 제품류와 기초화장용 제품류[의약품은 제외하며, 선스크린(sunscreen)과 선탠(sun tan) 제품류를 포함한다], 매니큐어용 제품류와 페디큐어(pedicure)용 제품류",10757.2,444690,184.6,4764,439926
"2023","벨기에","3304","미용이나 메이크업용 제품류와 기초화장용 제품류[의약품은 제외하며, 선스크린(sunscreen)과 선탠(sun tan) 제품류를 포함한다], 매니큐어용 제품류와 페디큐어(pedicure)용 제품류",291.4,10060,162.1,12754,-2694
"2023","벨라루스","3304","미용이나 메이크업용 제품류와 기초화장용 제품류[의약품은 제외하며, 선스크린(sunscreen)과 선탠(sun tan) 제품류를 포함한다], 매니큐어용 제품류와 페디큐어(pedicure)용 제품류",189.9,2476,0.0,0,2476
"2023","보스니아-헤르체고비나","3304","미용이나 메이크업용 제품류와 기초화장용 제품류[의약품은 제외하며, 선스크린(sunscreen)과 선탠(sun tan) 제품류를 포함한다], 매니큐어용 제품류와 페디큐어(pedicure)용 제품류",4.5,156,0.1,2,154
"2023","보츠와나","3304","미용이나 메이크업용 제품류와 기초화장용 제품류[의약품은 제외하며, 선스크린(sunscreen)과 선탠(sun tan) 제품류를 포함한다], 매니큐어용 제품류와 페디큐어(pedicure)용 제품류",0.5,27,0.0,0,27
"2023","볼리비아","3304","미용이나 메이크업용 제품류와 기초화장용 제품류[의약품은 제외하며, 선스크린(sunscreen)과 선탠(sun tan) 제품류를 포함한다], 매니큐어용 제품류와 페디큐어(pedicure)용 제품류",6.3,222,0.0,0,222
"2023","부룬디","3304","미용이나 메이크업용 제품류와 기초화장용 제품류[의약품은 제외하며, 선스크린(sunscreen)과 선탠(sun tan) 제품류를 포함한다], 매니큐어용 제품류와 페디큐어(pedicure)용 제품류",0.0,0,0.0,0,0
"2023","부르키나 파소","3304","미용이나 메이크업용 제품류와 기초화장용 제품류[의약품은 제외하며, 선스크린(sunscreen)과 선탠(sun tan) 제품류를 포함한다], 매니큐어용 제품류와 페디큐어(pedicure)용 제품류",0.4,25,0.0,0,25
"2023","부탄","3304","미용이나 메이크업용 제품류와 기초화장용 제품류[의약품은 제외하며, 선스크린(sunscreen)과 선탠(sun tan) 제품류를 포함한다], 매니큐어용 제품류와 페디큐어(pedicure)용 제품류",22.4,988,0.0,0,988
"2023","북마리아나 군도","3304","미용이나 메이크업용 제품류와 기초화장용 제품류[의약품은 제외하며, 선스크린(sunscreen)과 선탠(sun tan) 제품류를 포함한다], 매니큐어용 제품류와 페디큐어(pedicure)용 제품류",0.2,10,0.0,0,10
"2023","불가리아","3304","미용이나 메이크업용 제품류와 기초화장용 제품류[의약품은 제외하며, 선스크린(sunscreen)과 선탠(sun tan) 제품류를 포함한다], 매니큐어용 제품류와 페디큐어(pedicure)용 제품류",130.5,6673,11.3,277,6397
"2023","불령 가이아나","3304","미용이나 메이크업용 제품류와 기초화장용 제품류[의약품은 제외하며, 선스크린(sunscreen)과 선탠(sun tan) 제품류를 포함한다], 매니큐어용 제품류와 페디큐어(pedicure)용 제품류",0.0,0,0.0,0,0
"2023","불령 리유니온 코모도 제도","3304","미용이나 메이크업용 제품류와 기초화장용 제품류[의약품은 제외하며, 선스크린(sunscreen)과 선탠(sun tan) 제품류를 포함한다], 매니큐어용 제품류와 페디큐어(pedicure)용 제품류",0.3,12,0.0,0,12
"2023","불령 폴리네시아","3304","미용이나 메이크업용 제품류와 기초화장용 제품류[의약품은 제외하며, 선스크린(sunscreen)과 선탠(sun tan) 제품류를 포함한다], 매니큐어용 제품류와 페디큐어(pedicure)용 제품류",0.5,26,0.0,0,26
"2023","브라질","3304","미용이나 메이크업용 제품류와 기초화장용 제품류[의약품은 제외하며, 선스크린(sunscreen)과 선탠(sun tan) 제품류를 포함한다], 매니큐어용 제품류와 페디큐어(pedicure)용 제품류",284.5,16617,0.2,13,16603
"2023","브루나이","3304","미용이나 메이크업용 제품류와 기초화장용 제품류[의약품은 제외하며, 선스크린(sunscreen)과 선탠(sun tan) 제품류를 포함한다], 매니큐어용 제품류와 페디큐어(pedicure)용 제품류",50.0,2336,0.0,0,2336
"2023","사우디아라비아","3304","미용이나 메이크업용 제품류와 기초화장용 제품류[의약품은 제외하며, 선스크린(sunscreen)과 선탠(sun tan) 제품류를 포함한다], 매니큐어용 제품류와 페디큐어(pedicure)용 제품류",831.8,26896,0.5,35,26860
"2023","사이프러스","3304","미용이나 메이크업용 제품류와 기초화장용 제품류[의약품은 제외하며, 선스크린(sunscreen)과 선탠(sun tan) 제품류를 포함한다], 매니큐어용 제품류와 페디큐어(pedicure)용 제품류",30.7,1566,7.0,170,1396
"2023","산마리노","3304","미용이나 메이크업용 제품류와 기초화장용 제품류[의약품은 제외하며, 선스크린(sunscreen)과 선탠(sun tan) 제품류를 포함한다], 매니큐어용 제품류와 페디큐어(pedicure)용 제품류",0.5,168,0.1,3,165
"2023","세네갈","3304","미용이나 메이크업용 제품류와 기초화장용 제품류[의약품은 제외하며, 선스크린(sunscreen)과 선탠(sun tan) 제품류를 포함한다], 매니큐어용 제품류와 페디큐어(pedicure)용 제품류",0.6,11,0.1,0,11
"2023","세르비아","3304","미용이나 메이크업용 제품류와 기초화장용 제품류[의약품은 제외하며, 선스크린(sunscreen)과 선탠(sun tan) 제품류를 포함한다], 매니큐어용 제품류와 페디큐어(pedicure)용 제품류",73.2,2164,0.0,1,2162
"2023","세이쉘","3304","미용이나 메이크업용 제품류와 기초화장용 제품류[의약품은 제외하며, 선스크린(sunscreen)과 선탠(sun tan) 제품류를 포함한다], 매니큐어용 제품류와 페디큐어(pedicure)용 제품류",0.8,39,0.0,0,39
"2023","세인트 마틴","3304","미용이나 메이크업용 제품류와 기초화장용 제품류[의약품은 제외하며, 선스크린(sunscreen)과 선탠(sun tan) 제품류를 포함한다], 매니큐어용 제품류와 페디큐어(pedicure)용 제품류",0.1,10,0.0,0,10
"2023","세인트마틴(생마르탱)","3304","미용이나 메이크업용 제품류와 기초화장용 제품류[의약품은 제외하며, 선스크린(sunscreen)과 선탠(sun tan) 제품류를 포함한다], 매니큐어용 제품류와 페디큐어(pedicure)용 제품류",0.0,6,0.0,0,6
"2023","소말리아","3304","미용이나 메이크업용 제품류와 기초화장용 제품류[의약품은 제외하며, 선스크린(sunscreen)과 선탠(sun tan) 제품류를 포함한다], 매니큐어용 제품류와 페디큐어(pedicure)용 제품류",20.7,1050,0.0,0,1050
"2023","수단","3304","미용이나 메이크업용 제품류와 기초화장용 제품류[의약품은 제외하며, 선스크린(sunscreen)과 선탠(sun tan) 제품류를 포함한다], 매니큐어용 제품류와 페디큐어(pedicure)용 제품류",0.6,25,0.0,0,25
"2023","스리랑카","3304","미용이나 메이크업용 제품류와 기초화장용 제품류[의약품은 제외하며, 선스크린(sunscreen)과 선탠(sun tan) 제품류를 포함한다], 매니큐어용 제품류와 페디큐어(pedicure)용 제품류",7.5,795,0.2,12,783
"2023","스와질랜드","3304","미용이나 메이크업용 제품류와 기초화장용 제품류[의약품은 제외하며, 선스크린(sunscreen)과 선탠(sun tan) 제품류를 포함한다], 매니큐어용 제품류와 페디큐어(pedicure)용 제품류",0.1,3,0.0,0,3
"2023","스웨덴","3304","미용이나 메이크업용 제품류와 기초화장용 제품류[의약품은 제외하며, 선스크린(sunscreen)과 선탠(sun tan) 제품류를 포함한다], 매니큐어용 제품류와 페디큐어(pedicure)용 제품류",274.1,14536,25.0,9585,4951
"2023","스위스","3304","미용이나 메이크업용 제품류와 기초화장용 제품류[의약품은 제외하며, 선스크린(sunscreen)과 선탠(sun tan) 제품류를 포함한다], 매니큐어용 제품류와 페디큐어(pedicure)용 제품류",402.6,5266,153.3,28087,-22821
"2023","스페인","3304","미용이나 메이크업용 제품류와 기초화장용 제품류[의약품은 제외하며, 선스크린(sunscreen)과 선탠(sun tan) 제품류를 포함한다], 매니큐어용 제품류와 페디큐어(pedicure)용 제품류",528.0,21935,224.7,7936,14000
"2023","슬로바키아","3304","미용이나 메이크업용 제품류와 기초화장용 제품류[의약품은 제외하며, 선스크린(sunscreen)과 선탠(sun tan) 제품류를 포함한다], 매니큐어용 제품류와 페디큐어(pedicure)용 제품류",97.2,3476,25.1,144,3332
"2023","슬로베니아","3304","미용이나 메이크업용 제품류와 기초화장용 제품류[의약품은 제외하며, 선스크린(sunscreen)과 선탠(sun tan) 제품류를 포함한다], 매니큐어용 제품류와 페디큐어(pedicure)용 제품류",16.1,590,0.3,19,571
"2023","시리아","3304","미용이나 메이크업용 제품류와 기초화장용 제품류[의약품은 제외하며, 선스크린(sunscreen)과 선탠(sun tan) 제품류를 포함한다], 매니큐어용 제품류와 페디큐어(pedicure)용 제품류",0.2,51,0.0,0,51
"2023","싱가포르","3304","미용이나 메이크업용 제품류와 기초화장용 제품류[의약품은 제외하며, 선스크린(sunscreen)과 선탠(sun tan) 제품류를 포함한다], 매니큐어용 제품류와 페디큐어(pedicure)용 제품류",3564.0,102221,125.3,17149,85072
"2023","아랍에미리트 연합","3304","미용이나 메이크업용 제품류와 기초화장용 제품류[의약품은 제외하며, 선스크린(sunscreen)과 선탠(sun tan) 제품류를 포함한다], 매니큐어용 제품류와 페디큐어(pedicure)용 제품류",1239.6,84567,32.5,476,84091
"2023","아루바","3304","미용이나 메이크업용 제품류와 기초화장용 제품류[의약품은 제외하며, 선스크린(sunscreen)과 선탠(sun tan) 제품류를 포함한다], 매니큐어용 제품류와 페디큐어(pedicure)용 제품류",0.0,0,0.0,0,0
"2023","아르메니아","3304","미용이나 메이크업용 제품류와 기초화장용 제품류[의약품은 제외하며, 선스크린(sunscreen)과 선탠(sun tan) 제품류를 포함한다], 매니큐어용 제품류와 페디큐어(pedicure)용 제품류",59.2,1850,0.0,0,1850
"2023","아르헨티나","3304","미용이나 메이크업용 제품류와 기초화장용 제품류[의약품은 제외하며, 선스크린(sunscreen)과 선탠(sun tan) 제품류를 포함한다], 매니큐어용 제품류와 페디큐어(pedicure)용 제품류",47.2,1717,0.1,2,1715
"2023","아메리칸 사모아","3304","미용이나 메이크업용 제품류와 기초화장용 제품류[의약품은 제외하며, 선스크린(sunscreen)과 선탠(sun tan) 제품류를 포함한다], 매니큐어용 제품류와 페디큐어(pedicure)용 제품류",0.0,1,0.0,0,1
"2023","아이슬란드","3304","미용이나 메이크업용 제품류와 기초화장용 제품류[의약품은 제외하며, 선스크린(sunscreen)과 선탠(sun tan) 제품류를 포함한다], 매니큐어용 제품류와 페디큐어(pedicure)용 제품류",20.3,431,0.0,1,430
"2023","아이티","3304","미용이나 메이크업용 제품류와 기초화장용 제품류[의약품은 제외하며, 선스크린(sunscreen)과 선탠(sun tan) 제품류를 포함한다], 매니큐어용 제품류와 페디큐어(pedicure)용 제품류",0.0,0,0.0,0,0
"2023","아일랜드","3304","미용이나 메이크업용 제품류와 기초화장용 제품류[의약품은 제외하며, 선스크린(sunscreen)과 선탠(sun tan) 제품류를 포함한다], 매니큐어용 제품류와 페디큐어(pedicure)용 제품류",195.3,5926,3.2,88,5838
"2023","아제르바이잔","3304","미용이나 메이크업용 제품류와 기초화장용 제품류[의약품은 제외하며, 선스크린(sunscreen)과 선탠(sun tan) 제품류를 포함한다], 매니큐어용 제품류와 페디큐어(pedicure)용 제품류",123.7,6091,0.2,67,6025
"2023","아프카니스탄","3304","미용이나 메이크업용 제품류와 기초화장용 제품류[의약품은 제외하며, 선스크린(sunscreen)과 선탠(sun tan) 제품류를 포함한다], 매니큐어용 제품류와 페디큐어(pedicure)용 제품류",0.0,5,0.0,0,5
"2023","안도라","3304","미용이나 메이크업용 제품류와 기초화장용 제품류[의약품은 제외하며, 선스크린(sunscreen)과 선탠(sun tan) 제품류를 포함한다], 매니큐어용 제품류와 페디큐어(pedicure)용 제품류",0.0,21,0.0,0,21
"2023","안타티카","3304","미용이나 메이크업용 제품류와 기초화장용 제품류[의약품은 제외하며, 선스크린(sunscreen)과 선탠(sun tan) 제품류를 포함한다], 매니큐어용 제품류와 페디큐어(pedicure)용 제품류",1.1,9,0.0,0,9
"2023","알랜드 군도","3304","미용이나 메이크업용 제품류와 기초화장용 제품류[의약품은 제외하며, 선스크린(sunscreen)과 선탠(sun tan) 제품류를 포함한다], 매니큐어용 제품류와 페디큐어(pedicure)용 제품류",0.3,15,0.0,0,15
"2023","알바니아","3304","미용이나 메이크업용 제품류와 기초화장용 제품류[의약품은 제외하며, 선스크린(sunscreen)과 선탠(sun tan) 제품류를 포함한다], 매니큐어용 제품류와 페디큐어(pedicure)용 제품류",74.5,4236,0.1,9,4227
"2023","알제리","3304","미용이나 메이크업용 제품류와 기초화장용 제품류[의약품은 제외하며, 선스크린(sunscreen)과 선탠(sun tan) 제품류를 포함한다], 매니큐어용 제품류와 페디큐어(pedicure)용 제품류",0.5,44,0.0,1,44
"2023","앙골라","3304","미용이나 메이크업용 제품류와 기초화장용 제품류[의약품은 제외하며, 선스크린(sunscreen)과 선탠(sun tan) 제품류를 포함한다], 매니큐어용 제품류와 페디큐어(pedicure)용 제품류",0.1,5,0.0,0,5
"2023","앙귈라","3304","미용이나 메이크업용 제품류와 기초화장용 제품류[의약품은 제외하며, 선스크린(sunscreen)과 선탠(sun tan) 제품류를 포함한다], 매니큐어용 제품류와 페디큐어(pedicure)용 제품류",0.0,0,0.0,0,0
"2023","에스토니아","3304","미용이나 메이크업용 제품류와 기초화장용 제품류[의약품은 제외하며, 선스크린(sunscreen)과 선탠(sun tan) 제품류를 포함한다], 매니큐어용 제품류와 페디큐어(pedicure)용 제품류",489.5,11488,5.9,45,11443
"2023","에쿠아도르","3304","미용이나 메이크업용 제품류와 기초화장용 제품류[의약품은 제외하며, 선스크린(sunscreen)과 선탠(sun tan) 제품류를 포함한다], 매니큐어용 제품류와 페디큐어(pedicure)용 제품류",41.5,1619,0.0,0,1619
"2023","에티오피아","3304","미용이나 메이크업용 제품류와 기초화장용 제품류[의약품은 제외하며, 선스크린(sunscreen)과 선탠(sun tan) 제품류를 포함한다], 매니큐어용 제품류와 페디큐어(pedicure)용 제품류",0.0,1,0.0,0,1
"2023","엘살바도르","3304","미용이나 메이크업용 제품류와 기초화장용 제품류[의약품은 제외하며, 선스크린(sunscreen)과 선탠(sun tan) 제품류를 포함한다], 매니큐어용 제품류와 페디큐어(pedicure)용 제품류",1.9,39,0.0,0,39
"2023","영국","3304","미용이나 메이크업용 제품류와 기초화장용 제품류[의약품은 제외하며, 선스크린(sunscreen)과 선탠(sun tan) 제품류를 포함한다], 매니큐어용 제품류와 페디큐어(pedicure)용 제품류",2349.9,90765,403.9,21524,69241
"2023","영령 캐이맨 군도","3304","미용이나 메이크업용 제품류와 기초화장용 제품류[의약품은 제외하며, 선스크린(sunscreen)과 선탠(sun tan) 제품류를 포함한다], 매니큐어용 제품류와 페디큐어(pedicure)용 제품류",0.0,0,0.0,0,0
"2023","예맨","3304","미용이나 메이크업용 제품류와 기초화장용 제품류[의약품은 제외하며, 선스크린(sunscreen)과 선탠(sun tan) 제품류를 포함한다], 매니큐어용 제품류와 페디큐어(pedicure)용 제품류",0.6,9,0.0,0,9
"2023","오만","3304","미용이나 메이크업용 제품류와 기초화장용 제품류[의약품은 제외하며, 선스크린(sunscreen)과 선탠(sun tan) 제품류를 포함한다], 매니큐어용 제품류와 페디큐어(pedicure)용 제품류",31.2,1577,0.0,0,1577
"2023","오스트리아","3304","미용이나 메이크업용 제품류와 기초화장용 제품류[의약품은 제외하며, 선스크린(sunscreen)과 선탠(sun tan) 제품류를 포함한다], 매니큐어용 제품류와 페디큐어(pedicure)용 제품류",25.6,873,5.1,176,696
"2023","온두라스","3304","미용이나 메이크업용 제품류와 기초화장용 제품류[의약품은 제외하며, 선스크린(sunscreen)과 선탠(sun tan) 제품류를 포함한다], 매니큐어용 제품류와 페디큐어(pedicure)용 제품류",0.0,0,0.0,0,0
"2023","요르단","3304","미용이나 메이크업용 제품류와 기초화장용 제품류[의약품은 제외하며, 선스크린(sunscreen)과 선탠(sun tan) 제품류를 포함한다], 매니큐어용 제품류와 페디큐어(pedicure)용 제품류",15.7,918,0.2,4,914
"2023","우간다","3304","미용이나 메이크업용 제품류와 기초화장용 제품류[의약품은 제외하며, 선스크린(sunscreen)과 선탠(sun tan) 제품류를 포함한다], 매니큐어용 제품류와 페디큐어(pedicure)용 제품류",0.3,16,0.0,0,16
"2023","우루과이","3304","미용이나 메이크업용 제품류와 기초화장용 제품류[의약품은 제외하며, 선스크린(sunscreen)과 선탠(sun tan) 제품류를 포함한다], 매니큐어용 제품류와 페디큐어(pedicure)용 제품류",2.8,245,0.0,0,245
"2023","우즈베키스탄","3304","미용이나 메이크업용 제품류와 기초화장용 제품류[의약품은 제외하며, 선스크린(sunscreen)과 선탠(sun tan) 제품류를 포함한다], 매니큐어용 제품류와 페디큐어(pedicure)용 제품류",753.4,14321,0.0,1,14321
"2023","우크라이나","3304","미용이나 메이크업용 제품류와 기초화장용 제품류[의약품은 제외하며, 선스크린(sunscreen)과 선탠(sun tan) 제품류를 포함한다], 매니큐어용 제품류와 페디큐어(pedicure)용 제품류",1671.6,56674,0.0,0,56674
"2023","이라크","3304","미용이나 메이크업용 제품류와 기초화장용 제품류[의약품은 제외하며, 선스크린(sunscreen)과 선탠(sun tan) 제품류를 포함한다], 매니큐어용 제품류와 페디큐어(pedicure)용 제품류",152.5,12476,0.0,0,12475
"2023","이란","3304","미용이나 메이크업용 제품류와 기초화장용 제품류[의약품은 제외하며, 선스크린(sunscreen)과 선탠(sun tan) 제품류를 포함한다], 매니큐어용 제품류와 페디큐어(pedicure)용 제품류",3.0,337,0.0,0,337
"2023","이스라엘","3304","미용이나 메이크업용 제품류와 기초화장용 제품류[의약품은 제외하며, 선스크린(sunscreen)과 선탠(sun tan) 제품류를 포함한다], 매니큐어용 제품류와 페디큐어(pedicure)용 제품류",146.3,2606,132.6,3757,-1152
"2023","이집트","3304","미용이나 메이크업용 제품류와 기초화장용 제품류[의약품은 제외하며, 선스크린(sunscreen)과 선탠(sun tan) 제품류를 포함한다], 매니큐어용 제품류와 페디큐어(pedicure)용 제품류",4.4,186,0.1,1,185
"2023","이탈리아","3304","미용이나 메이크업용 제품류와 기초화장용 제품류[의약품은 제외하며, 선스크린(sunscreen)과 선탠(sun tan) 제품류를 포함한다], 매니큐어용 제품류와 페디큐어(pedicure)용 제품류",249.0,10255,987.2,49835,-39579
"2023","인도","3304","미용이나 메이크업용 제품류와 기초화장용 제품류[의약품은 제외하며, 선스크린(sunscreen)과 선탠(sun tan) 제품류를 포함한다], 매니큐어용 제품류와 페디큐어(pedicure)용 제품류",1674.4,40043,591.6,3357,36686
"2023","인도네시아","3304","미용이나 메이크업용 제품류와 기초화장용 제품류[의약품은 제외하며, 선스크린(sunscreen)과 선탠(sun tan) 제품류를 포함한다], 매니큐어용 제품류와 페디큐어(pedicure)용 제품류",2028.5,68391,20.3,489,67902
"2023","일본","3304","미용이나 메이크업용 제품류와 기초화장용 제품류[의약품은 제외하며, 선스크린(sunscreen)과 선탠(sun tan) 제품류를 포함한다], 매니큐어용 제품류와 페디큐어(pedicure)용 제품류",17775.3,667167,1665.0,86626,580541
"2023","자마이카","3304","미용이나 메이크업용 제품류와 기초화장용 제품류[의약품은 제외하며, 선스크린(sunscreen)과 선탠(sun tan) 제품류를 포함한다], 매니큐어용 제품류와 페디큐어(pedicure)용 제품류",0.3,34,0.0,0,34
"2023","잠비아","3304","미용이나 메이크업용 제품류와 기초화장용 제품류[의약품은 제외하며, 선스크린(sunscreen)과 선탠(sun tan) 제품류를 포함한다], 매니큐어용 제품류와 페디큐어(pedicure)용 제품류",0.2,10,0.0,0,10
"2023","저어지","3304","미용이나 메이크업용 제품류와 기초화장용 제품류[의약품은 제외하며, 선스크린(sunscreen)과 선탠(sun tan) 제품류를 포함한다], 매니큐어용 제품류와 페디큐어(pedicure)용 제품류",0.0,0,0.0,0,0
"2023","조지아","3304","미용이나 메이크업용 제품류와 기초화장용 제품류[의약품은 제외하며, 선스크린(sunscreen)과 선탠(sun tan) 제품류를 포함한다], 매니큐어용 제품류와 페디큐어(pedicure)용 제품류",75.3,4620,0.0,1,4619
"2023","중국","3304","미용이나 메이크업용 제품류와 기초화장용 제품류[의약품은 제외하며, 선스크린(sunscreen)과 선탠(sun tan) 제품류를 포함한다], 매니큐어용 제품류와 페디큐어(pedicure)용 제품류",74113.6,2376888,1500.5,39909,2336979
"2023","지부티","3304","미용이나 메이크업용 제품류와 기초화장용 제품류[의약품은 제외하며, 선스크린(sunscreen)과 선탠(sun tan) 제품류를 포함한다], 매니큐어용 제품류와 페디큐어(pedicure)용 제품류",0.8,40,0.0,0,40
"2023","지브랄타","3304","미용이나 메이크업용 제품류와 기초화장용 제품류[의약품은 제외하며, 선스크린(sunscreen)과 선탠(sun tan) 제품류를 포함한다], 매니큐어용 제품류와 페디큐어(pedicure)용 제품류",0.0,0,0.0,0,0
"2023","짐바브웨","3304","미용이나 메이크업용 제품류와 기초화장용 제품류[의약품은 제외하며, 선스크린(sunscreen)과 선탠(sun tan) 제품류를 포함한다], 매니큐어용 제품류와 페디큐어(pedicure)용 제품류",0.0,2,0.0,0,2
"2023","체코공화국","3304","미용이나 메이크업용 제품류와 기초화장용 제품류[의약품은 제외하며, 선스크린(sunscreen)과 선탠(sun tan) 제품류를 포함한다], 매니큐어용 제품류와 페디큐어(pedicure)용 제품류",279.0,13969,45.7,4896,9073
"2023","칠레","3304","미용이나 메이크업용 제품류와 기초화장용 제품류[의약품은 제외하며, 선스크린(sunscreen)과 선탠(sun tan) 제품류를 포함한다], 매니큐어용 제품류와 페디큐어(pedicure)용 제품류",142.6,7291,1.0,104,7187
"2023","카메룬","3304","미용이나 메이크업용 제품류와 기초화장용 제품류[의약품은 제외하며, 선스크린(sunscreen)과 선탠(sun tan) 제품류를 포함한다], 매니큐어용 제품류와 페디큐어(pedicure)용 제품류",2.5,55,0.0,0,55
"2023","카보 베르데","3304","미용이나 메이크업용 제품류와 기초화장용 제품류[의약품은 제외하며, 선스크린(sunscreen)과 선탠(sun tan) 제품류를 포함한다], 매니큐어용 제품류와 페디큐어(pedicure)용 제품류",0.0,0,0.0,0,0
"2023","카자흐스탄","3304","미용이나 메이크업용 제품류와 기초화장용 제품류[의약품은 제외하며, 선스크린(sunscreen)과 선탠(sun tan) 제품류를 포함한다], 매니큐어용 제품류와 페디큐어(pedicure)용 제품류",1848.0,63026,1.6,121,62905
"2023","카타르","3304","미용이나 메이크업용 제품류와 기초화장용 제품류[의약품은 제외하며, 선스크린(sunscreen)과 선탠(sun tan) 제품류를 포함한다], 매니큐어용 제품류와 페디큐어(pedicure)용 제품류",66.7,2615,0.1,23,2592
"2023","캄보디아","3304","미용이나 메이크업용 제품류와 기초화장용 제품류[의약품은 제외하며, 선스크린(sunscreen)과 선탠(sun tan) 제품류를 포함한다], 매니큐어용 제품류와 페디큐어(pedicure)용 제품류",1738.2,40328,0.8,11,40317
"2023","캐나다","3304","미용이나 메이크업용 제품류와 기초화장용 제품류[의약품은 제외하며, 선스크린(sunscreen)과 선탠(sun tan) 제품류를 포함한다], 매니큐어용 제품류와 페디큐어(pedicure)용 제품류",2138.2,66768,2558.1,35617,31151
"2023","케냐","3304","미용이나 메이크업용 제품류와 기초화장용 제품류[의약품은 제외하며, 선스크린(sunscreen)과 선탠(sun tan) 제품류를 포함한다], 매니큐어용 제품류와 페디큐어(pedicure)용 제품류",29.7,849,0.0,0,849
"2023","코스 군도","3304","미용이나 메이크업용 제품류와 기초화장용 제품류[의약품은 제외하며, 선스크린(sunscreen)과 선탠(sun tan) 제품류를 포함한다], 매니큐어용 제품류와 페디큐어(pedicure)용 제품류",0.0,0,0.0,0,0
"2023","코스타리카","3304","미용이나 메이크업용 제품류와 기초화장용 제품류[의약품은 제외하며, 선스크린(sunscreen)과 선탠(sun tan) 제품류를 포함한다], 매니큐어용 제품류와 페디큐어(pedicure)용 제품류",22.8,539,0.0,0,539
"2023","코트디봐르","3304","미용이나 메이크업용 제품류와 기초화장용 제품류[의약품은 제외하며, 선스크린(sunscreen)과 선탠(sun tan) 제품류를 포함한다], 매니큐어용 제품류와 페디큐어(pedicure)용 제품류",0.2,12,0.0,1,11
"2023","콜롬비아","3304","미용이나 메이크업용 제품류와 기초화장용 제품류[의약품은 제외하며, 선스크린(sunscreen)과 선탠(sun tan) 제품류를 포함한다], 매니큐어용 제품류와 페디큐어(pedicure)용 제품류",65.0,3019,0.1,17,3002
"2023","콩고","3304","미용이나 메이크업용 제품류와 기초화장용 제품류[의약품은 제외하며, 선스크린(sunscreen)과 선탠(sun tan) 제품류를 포함한다], 매니큐어용 제품류와 페디큐어(pedicure)용 제품류",0.0,5,0.0,0,5
"2023","콩고민주공화국","3304","미용이나 메이크업용 제품류와 기초화장용 제품류[의약품은 제외하며, 선스크린(sunscreen)과 선탠(sun tan) 제품류를 포함한다], 매니큐어용 제품류와 페디큐어(pedicure)용 제품류",0.0,1,0.0,0,1
"2023","쿠웨이트","3304","미용이나 메이크업용 제품류와 기초화장용 제품류[의약품은 제외하며, 선스크린(sunscreen)과 선탠(sun tan) 제품류를 포함한다], 매니큐어용 제품류와 페디큐어(pedicure)용 제품류",285.6,13026,0.0,0,13026
"2023","큐라소","3304","미용이나 메이크업용 제품류와 기초화장용 제품류[의약품은 제외하며, 선스크린(sunscreen)과 선탠(sun tan) 제품류를 포함한다], 매니큐어용 제품류와 페디큐어(pedicure)용 제품류",0.0,1,0.0,0,1
"2023","크로아티아","3304","미용이나 메이크업용 제품류와 기초화장용 제품류[의약품은 제외하며, 선스크린(sunscreen)과 선탠(sun tan) 제품류를 포함한다], 매니큐어용 제품류와 페디큐어(pedicure)용 제품류",18.1,811,0.1,9,802
"2023","키르기스스탄","3304","미용이나 메이크업용 제품류와 기초화장용 제품류[의약품은 제외하며, 선스크린(sunscreen)과 선탠(sun tan) 제품류를 포함한다], 매니큐어용 제품류와 페디큐어(pedicure)용 제품류",2648.1,61915,0.0,0,61915
"2023","타지크","3304","미용이나 메이크업용 제품류와 기초화장용 제품류[의약품은 제외하며, 선스크린(sunscreen)과 선탠(sun tan) 제품류를 포함한다], 매니큐어용 제품류와 페디큐어(pedicure)용 제품류",3.4,75,0.0,0,75
"2023","탄자니아","3304","미용이나 메이크업용 제품류와 기초화장용 제품류[의약품은 제외하며, 선스크린(sunscreen)과 선탠(sun tan) 제품류를 포함한다], 매니큐어용 제품류와 페디큐어(pedicure)용 제품류",5.0,249,0.0,0,249
"2023","태국","3304","미용이나 메이크업용 제품류와 기초화장용 제품류[의약품은 제외하며, 선스크린(sunscreen)과 선탠(sun tan) 제품류를 포함한다], 매니큐어용 제품류와 페디큐어(pedicure)용 제품류",4904.4,165571,2025.2,19028,146543
"2023","토고","3304","미용이나 메이크업용 제품류와 기초화장용 제품류[의약품은 제외하며, 선스크린(sunscreen)과 선탠(sun tan) 제품류를 포함한다], 매니큐어용 제품류와 페디큐어(pedicure)용 제품류",0.0,2,0.0,0,2
"2023","투르크 & 카이코스 군도","3304","미용이나 메이크업용 제품류와 기초화장용 제품류[의약품은 제외하며, 선스크린(sunscreen)과 선탠(sun tan) 제품류를 포함한다], 매니큐어용 제품류와 페디큐어(pedicure)용 제품류",0.0,0,0.0,0,0
"2023","투르크멘","3304","미용이나 메이크업용 제품류와 기초화장용 제품류[의약품은 제외하며, 선스크린(sunscreen)과 선탠(sun tan) 제품류를 포함한다], 매니큐어용 제품류와 페디큐어(pedicure)용 제품류",4.7,170,0.0,0,169
"2023","튀니지","3304","미용이나 메이크업용 제품류와 기초화장용 제품류[의약품은 제외하며, 선스크린(sunscreen)과 선탠(sun tan) 제품류를 포함한다], 매니큐어용 제품류와 페디큐어(pedicure)용 제품류",0.5,51,0.0,3,48
"2023","튀르키예","3304","미용이나 메이크업용 제품류와 기초화장용 제품류[의약품은 제외하며, 선스크린(sunscreen)과 선탠(sun tan) 제품류를 포함한다], 매니큐어용 제품류와 페디큐어(pedicure)용 제품류",1168.7,53882,8.4,210,53672
"2023","트리니다드 토바고","3304","미용이나 메이크업용 제품류와 기초화장용 제품류[의약품은 제외하며, 선스크린(sunscreen)과 선탠(sun tan) 제품류를 포함한다], 매니큐어용 제품류와 페디큐어(pedicure)용 제품류",6.8,229,0.0,0,229
"2023","파나마","3304","미용이나 메이크업용 제품류와 기초화장용 제품류[의약품은 제외하며, 선스크린(sunscreen)과 선탠(sun tan) 제품류를 포함한다], 매니큐어용 제품류와 페디큐어(pedicure)용 제품류",6.2,392,0.0,0,391
"2023","파라과이","3304","미용이나 메이크업용 제품류와 기초화장용 제품류[의약품은 제외하며, 선스크린(sunscreen)과 선탠(sun tan) 제품류를 포함한다], 매니큐어용 제품류와 페디큐어(pedicure)용 제품류",27.6,918,0.0,0,918
"2023","파로에 군도","3304","미용이나 메이크업용 제품류와 기초화장용 제품류[의약품은 제외하며, 선스크린(sunscreen)과 선탠(sun tan) 제품류를 포함한다], 매니큐어용 제품류와 페디큐어(pedicure)용 제품류",0.4,0,0.0,0,0
"2023","파키스탄","3304","미용이나 메이크업용 제품류와 기초화장용 제품류[의약품은 제외하며, 선스크린(sunscreen)과 선탠(sun tan) 제품류를 포함한다], 매니큐어용 제품류와 페디큐어(pedicure)용 제품류",15.2,653,0.1,1,652
"2023","파푸아 뉴기니","3304","미용이나 메이크업용 제품류와 기초화장용 제품류[의약품은 제외하며, 선스크린(sunscreen)과 선탠(sun tan) 제품류를 포함한다], 매니큐어용 제품류와 페디큐어(pedicure)용 제품류",0.0,0,0.0,0,0
"2023","팔레스타인 해방기구","3304","미용이나 메이크업용 제품류와 기초화장용 제품류[의약품은 제외하며, 선스크린(sunscreen)과 선탠(sun tan) 제품류를 포함한다], 매니큐어용 제품류와 페디큐어(pedicure)용 제품류",0.9,13,0.0,0,13
"2023","페루","3304","미용이나 메이크업용 제품류와 기초화장용 제품류[의약품은 제외하며, 선스크린(sunscreen)과 선탠(sun tan) 제품류를 포함한다], 매니큐어용 제품류와 페디큐어(pedicure)용 제품류",34.9,3202,0.1,15,3187
"2023","포루투갈","3304","미용이나 메이크업용 제품류와 기초화장용 제품류[의약품은 제외하며, 선스크린(sunscreen)과 선탠(sun tan) 제품류를 포함한다], 매니큐어용 제품류와 페디큐어(pedicure)용 제품류",2.9,588,0.8,84,504
"2023","폴란드","3304","미용이나 메이크업용 제품류와 기초화장용 제품류[의약품은 제외하며, 선스크린(sunscreen)과 선탠(sun tan) 제품류를 포함한다], 매니큐어용 제품류와 페디큐어(pedicure)용 제품류",1537.6,44239,376.5,5713,38526
"2023","푸에르토리코","3304","미용이나 메이크업용 제품류와 기초화장용 제품류[의약품은 제외하며, 선스크린(sunscreen)과 선탠(sun tan) 제품류를 포함한다], 매니큐어용 제품류와 페디큐어(pedicure)용 제품류",4.3,99,0.0,0,99
"2023","프랑스","3304","미용이나 메이크업용 제품류와 기초화장용 제품류[의약품은 제외하며, 선스크린(sunscreen)과 선탠(sun tan) 제품류를 포함한다], 매니큐어용 제품류와 페디큐어(pedicure)용 제품류",1627.7,66429,6598.1,307868,-241439
"2023","피지","3304","미용이나 메이크업용 제품류와 기초화장용 제품류[의약품은 제외하며, 선스크린(sunscreen)과 선탠(sun tan) 제품류를 포함한다], 매니큐어용 제품류와 페디큐어(pedicure)용 제품류",3.2,150,5.3,47,103
"2023","핀란드","3304","미용이나 메이크업용 제품류와 기초화장용 제품류[의약품은 제외하며, 선스크린(sunscreen)과 선탠(sun tan) 제품류를 포함한다], 매니큐어용 제품류와 페디큐어(pedicure)용 제품류",189.9,6929,2.7,83,6846
"2023","필리핀","3304","미용이나 메이크업용 제품류와 기초화장용 제품류[의약품은 제외하며, 선스크린(sunscreen)과 선탠(sun tan) 제품류를 포함한다], 매니큐어용 제품류와 페디큐어(pedicure)용 제품류",3422.7,57452,5.6,194,57258
"2023","헝가리","3304","미용이나 메이크업용 제품류와 기초화장용 제품류[의약품은 제외하며, 선스크린(sunscreen)과 선탠(sun tan) 제품류를 포함한다], 매니큐어용 제품류와 페디큐어(pedicure)용 제품류",62.3,2295,1.0,108,2187
"2023","호주","3304","미용이나 메이크업용 제품류와 기초화장용 제품류[의약품은 제외하며, 선스크린(sunscreen)과 선탠(sun tan) 제품류를 포함한다], 매니큐어용 제품류와 페디큐어(pedicure)용 제품류",3014.2,61381,352.3,13552,47829
"2023","홍콩","3304","미용이나 메이크업용 제품류와 기초화장용 제품류[의약품은 제외하며, 선스크린(sunscreen)과 선탠(sun tan) 제품류를 포함한다], 매니큐어용 제품류와 페디큐어(pedicure)용 제품류",9610.1,438190,63.1,7804,430386
"2024","가나","3304","미용이나 메이크업용 제품류와 기초화장용 제품류[의약품은 제외하며, 선스크린(sunscreen)과 선탠(sun tan) 제품류를 포함한다], 매니큐어용 제품류와 페디큐어(pedicure)용 제품류",6.7,244,0.0,1,244
"2024","가봉","3304","미용이나 메이크업용 제품류와 기초화장용 제품류[의약품은 제외하며, 선스크린(sunscreen)과 선탠(sun tan) 제품류를 포함한다], 매니큐어용 제품류와 페디큐어(pedicure)용 제품류",0.3,14,0.0,0,14
"2024","가이아나","3304","미용이나 메이크업용 제품류와 기초화장용 제품류[의약품은 제외하며, 선스크린(sunscreen)과 선탠(sun tan) 제품류를 포함한다], 매니큐어용 제품류와 페디큐어(pedicure)용 제품류",0.1,23,0.0,0,23
"2024","감비아","3304","미용이나 메이크업용 제품류와 기초화장용 제품류[의약품은 제외하며, 선스크린(sunscreen)과 선탠(sun tan) 제품류를 포함한다], 매니큐어용 제품류와 페디큐어(pedicure)용 제품류",0.0,0,0.0,0,0
"2024","건지","3304","미용이나 메이크업용 제품류와 기초화장용 제품류[의약품은 제외하며, 선스크린(sunscreen)과 선탠(sun tan) 제품류를 포함한다], 매니큐어용 제품류와 페디큐어(pedicure)용 제품류",0.0,1,0.0,0,1
"2024","과델로프","3304","미용이나 메이크업용 제품류와 기초화장용 제품류[의약품은 제외하며, 선스크린(sunscreen)과 선탠(sun tan) 제품류를 포함한다], 매니큐어용 제품류와 페디큐어(pedicure)용 제품류",2.1,114,0.0,0,114
"2024","과테말라","3304","미용이나 메이크업용 제품류와 기초화장용 제품류[의약품은 제외하며, 선스크린(sunscreen)과 선탠(sun tan) 제품류를 포함한다], 매니큐어용 제품류와 페디큐어(pedicure)용 제품류",14.1,460,0.0,1,458
"2024","괌","3304","미용이나 메이크업용 제품류와 기초화장용 제품류[의약품은 제외하며, 선스크린(sunscreen)과 선탠(sun tan) 제품류를 포함한다], 매니큐어용 제품류와 페디큐어(pedicure)용 제품류",10.7,571,0.0,0,571
"2024","그레나다","3304","미용이나 메이크업용 제품류와 기초화장용 제품류[의약품은 제외하며, 선스크린(sunscreen)과 선탠(sun tan) 제품류를 포함한다], 매니큐어용 제품류와 페디큐어(pedicure)용 제품류",0.0,1,0.0,0,1
"2024","그리스","3304","미용이나 메이크업용 제품류와 기초화장용 제품류[의약품은 제외하며, 선스크린(sunscreen)과 선탠(sun tan) 제품류를 포함한다], 매니큐어용 제품류와 페디큐어(pedicure)용 제품류",132.8,6677,71.7,2026,4651
"2024","그린랜드","3304","미용이나 메이크업용 제품류와 기초화장용 제품류[의약품은 제외하며, 선스크린(sunscreen)과 선탠(sun tan) 제품류를 포함한다], 매니큐어용 제품류와 페디큐어(pedicure)용 제품류",4.6,202,0.0,0,202
"2024","기니","3304","미용이나 메이크업용 제품류와 기초화장용 제품류[의약품은 제외하며, 선스크린(sunscreen)과 선탠(sun tan) 제품류를 포함한다], 매니큐어용 제품류와 페디큐어(pedicure)용 제품류",1.3,45,0.0,0,45
"2024","기타국","3304","미용이나 메이크업용 제품류와 기초화장용 제품류[의약품은 제외하며, 선스크린(sunscreen)과 선탠(sun tan) 제품류를 포함한다], 매니큐어용 제품류와 페디큐어(pedicure)용 제품류",3.1,410,0.0,0,410
"2024","나미비아","3304","미용이나 메이크업용 제품류와 기초화장용 제품류[의약품은 제외하며, 선스크린(sunscreen)과 선탠(sun tan) 제품류를 포함한다], 매니큐어용 제품류와 페디큐어(pedicure)용 제품류",0.8,20,0.0,0,20
"2024","나이지리아","3304","미용이나 메이크업용 제품류와 기초화장용 제품류[의약품은 제외하며, 선스크린(sunscreen)과 선탠(sun tan) 제품류를 포함한다], 매니큐어용 제품류와 페디큐어(pedicure)용 제품류",387.8,11938,0.1,1,11937
"2024","남아프리카공화국","3304","미용이나 메이크업용 제품류와 기초화장용 제품류[의약품은 제외하며, 선스크린(sunscreen)과 선탠(sun tan) 제품류를 포함한다], 매니큐어용 제품류와 페디큐어(pedicure)용 제품류",136.2,4239,7.5,212,4027
"2024","네덜란드","3304","미용이나 메이크업용 제품류와 기초화장용 제품류[의약품은 제외하며, 선스크린(sunscreen)과 선탠(sun tan) 제품류를 포함한다], 매니큐어용 제품류와 페디큐어(pedicure)용 제품류",2519.6,74620,5.6,558,74062
"2024","네팔","3304","미용이나 메이크업용 제품류와 기초화장용 제품류[의약품은 제외하며, 선스크린(sunscreen)과 선탠(sun tan) 제품류를 포함한다], 매니큐어용 제품류와 페디큐어(pedicure)용 제품류",96.7,2454,0.0,0,2454
"2024","노르웨이","3304","미용이나 메이크업용 제품류와 기초화장용 제품류[의약품은 제외하며, 선스크린(sunscreen)과 선탠(sun tan) 제품류를 포함한다], 매니큐어용 제품류와 페디큐어(pedicure)용 제품류",328.3,12138,0.0,11,12127
"2024","뉴 칼레도니아","3304","미용이나 메이크업용 제품류와 기초화장용 제품류[의약품은 제외하며, 선스크린(sunscreen)과 선탠(sun tan) 제품류를 포함한다], 매니큐어용 제품류와 페디큐어(pedicure)용 제품류",1.9,82,0.0,0,82
"2024","뉴질랜드","3304","미용이나 메이크업용 제품류와 기초화장용 제품류[의약품은 제외하며, 선스크린(sunscreen)과 선탠(sun tan) 제품류를 포함한다], 매니큐어용 제품류와 페디큐어(pedicure)용 제품류",293.9,10500,25.6,1086,9414
"2024","니제르","3304","미용이나 메이크업용 제품류와 기초화장용 제품류[의약품은 제외하며, 선스크린(sunscreen)과 선탠(sun tan) 제품류를 포함한다], 매니큐어용 제품류와 페디큐어(pedicure)용 제품류",0.6,18,0.0,0,18
"2024","니카라과","3304","미용이나 메이크업용 제품류와 기초화장용 제품류[의약품은 제외하며, 선스크린(sunscreen)과 선탠(sun tan) 제품류를 포함한다], 매니큐어용 제품류와 페디큐어(pedicure)용 제품류",0.0,3,0.0,0,3
"2024","대만","3304","미용이나 메이크업용 제품류와 기초화장용 제품류[의약품은 제외하며, 선스크린(sunscreen)과 선탠(sun tan) 제품류를 포함한다], 매니큐어용 제품류와 페디큐어(pedicure)용 제품류",11699.0,218823,10.8,534,218289
"2024","덴마크","3304","미용이나 메이크업용 제품류와 기초화장용 제품류[의약품은 제외하며, 선스크린(sunscreen)과 선탠(sun tan) 제품류를 포함한다], 매니큐어용 제품류와 페디큐어(pedicure)용 제품류",391.2,17470,1.6,182,17288
"2024","도미니카 공화국","3304","미용이나 메이크업용 제품류와 기초화장용 제품류[의약품은 제외하며, 선스크린(sunscreen)과 선탠(sun tan) 제품류를 포함한다], 매니큐어용 제품류와 페디큐어(pedicure)용 제품류",7.1,953,0.0,0,952
"2024","독일","3304","미용이나 메이크업용 제품류와 기초화장용 제품류[의약품은 제외하며, 선스크린(sunscreen)과 선탠(sun tan) 제품류를 포함한다], 매니큐어용 제품류와 페디큐어(pedicure)용 제품류",1554.0,58853,1234.7,35890,22963
"2024","라오스","3304","미용이나 메이크업용 제품류와 기초화장용 제품류[의약품은 제외하며, 선스크린(sunscreen)과 선탠(sun tan) 제품류를 포함한다], 매니큐어용 제품류와 페디큐어(pedicure)용 제품류",69.4,3222,0.0,1,3221
"2024","라이베리아","3304","미용이나 메이크업용 제품류와 기초화장용 제품류[의약품은 제외하며, 선스크린(sunscreen)과 선탠(sun tan) 제품류를 포함한다], 매니큐어용 제품류와 페디큐어(pedicure)용 제품류",0.0,2,0.0,0,2
"2024","라트비아","3304","미용이나 메이크업용 제품류와 기초화장용 제품류[의약품은 제외하며, 선스크린(sunscreen)과 선탠(sun tan) 제품류를 포함한다], 매니큐어용 제품류와 페디큐어(pedicure)용 제품류",112.8,2822,0.1,12,2811
"2024","러시아 연방","3304","미용이나 메이크업용 제품류와 기초화장용 제품류[의약품은 제외하며, 선스크린(sunscreen)과 선탠(sun tan) 제품류를 포함한다], 매니큐어용 제품류와 페디큐어(pedicure)용 제품류",12915.3,322347,5.1,137,322211
"2024","레바논","3304","미용이나 메이크업용 제품류와 기초화장용 제품류[의약품은 제외하며, 선스크린(sunscreen)과 선탠(sun tan) 제품류를 포함한다], 매니큐어용 제품류와 페디큐어(pedicure)용 제품류",23.5,3158,0.0,0,3158
"2024","루마니아","3304","미용이나 메이크업용 제품류와 기초화장용 제품류[의약품은 제외하며, 선스크린(sunscreen)과 선탠(sun tan) 제품류를 포함한다], 매니큐어용 제품류와 페디큐어(pedicure)용 제품류",413.9,15717,0.1,4,15713
"2024","룩셈부르그","3304","미용이나 메이크업용 제품류와 기초화장용 제품류[의약품은 제외하며, 선스크린(sunscreen)과 선탠(sun tan) 제품류를 포함한다], 매니큐어용 제품류와 페디큐어(pedicure)용 제품류",2.7,482,5.3,205,277
"2024","르완다","3304","미용이나 메이크업용 제품류와 기초화장용 제품류[의약품은 제외하며, 선스크린(sunscreen)과 선탠(sun tan) 제품류를 포함한다], 매니큐어용 제품류와 페디큐어(pedicure)용 제품류",0.3,11,0.0,0,11
"2024","리비아","3304","미용이나 메이크업용 제품류와 기초화장용 제품류[의약품은 제외하며, 선스크린(sunscreen)과 선탠(sun tan) 제품류를 포함한다], 매니큐어용 제품류와 페디큐어(pedicure)용 제품류",66.4,2695,0.0,0,2695
"2024","리투아니아","3304","미용이나 메이크업용 제품류와 기초화장용 제품류[의약품은 제외하며, 선스크린(sunscreen)과 선탠(sun tan) 제품류를 포함한다], 매니큐어용 제품류와 페디큐어(pedicure)용 제품류",348.7,27598,0.3,14,27585
"2024","리히텐슈타인","3304","미용이나 메이크업용 제품류와 기초화장용 제품류[의약품은 제외하며, 선스크린(sunscreen)과 선탠(sun tan) 제품류를 포함한다], 매니큐어용 제품류와 페디큐어(pedicure)용 제품류",0.0,1,0.0,0,1
"2024","마다카스카르","3304","미용이나 메이크업용 제품류와 기초화장용 제품류[의약품은 제외하며, 선스크린(sunscreen)과 선탠(sun tan) 제품류를 포함한다], 매니큐어용 제품류와 페디큐어(pedicure)용 제품류",0.1,4,0.0,0,4
"2024","마세도니아","3304","미용이나 메이크업용 제품류와 기초화장용 제품류[의약품은 제외하며, 선스크린(sunscreen)과 선탠(sun tan) 제품류를 포함한다], 매니큐어용 제품류와 페디큐어(pedicure)용 제품류",35.1,1179,0.0,0,1178
"2024","마카오","3304","미용이나 메이크업용 제품류와 기초화장용 제품류[의약품은 제외하며, 선스크린(sunscreen)과 선탠(sun tan) 제품류를 포함한다], 매니큐어용 제품류와 페디큐어(pedicure)용 제품류",63.6,1023,0.1,2,1021
"2024","마티니크","3304","미용이나 메이크업용 제품류와 기초화장용 제품류[의약품은 제외하며, 선스크린(sunscreen)과 선탠(sun tan) 제품류를 포함한다], 매니큐어용 제품류와 페디큐어(pedicure)용 제품류",2.5,115,0.0,0,115
"2024","말라위","3304","미용이나 메이크업용 제품류와 기초화장용 제품류[의약품은 제외하며, 선스크린(sunscreen)과 선탠(sun tan) 제품류를 포함한다], 매니큐어용 제품류와 페디큐어(pedicure)용 제품류",0.1,4,0.0,0,4
"2024","말레이시아","3304","미용이나 메이크업용 제품류와 기초화장용 제품류[의약품은 제외하며, 선스크린(sunscreen)과 선탠(sun tan) 제품류를 포함한다], 매니큐어용 제품류와 페디큐어(pedicure)용 제품류",4466.8,112110,1091.2,5512,106598
"2024","말리","3304","미용이나 메이크업용 제품류와 기초화장용 제품류[의약품은 제외하며, 선스크린(sunscreen)과 선탠(sun tan) 제품류를 포함한다], 매니큐어용 제품류와 페디큐어(pedicure)용 제품류",0.6,23,0.0,2,21
"2024","메요트","3304","미용이나 메이크업용 제품류와 기초화장용 제품류[의약품은 제외하며, 선스크린(sunscreen)과 선탠(sun tan) 제품류를 포함한다], 매니큐어용 제품류와 페디큐어(pedicure)용 제품류",0.0,0,0.0,0,0
"2024","멕시코","3304","미용이나 메이크업용 제품류와 기초화장용 제품류[의약품은 제외하며, 선스크린(sunscreen)과 선탠(sun tan) 제품류를 포함한다], 매니큐어용 제품류와 페디큐어(pedicure)용 제품류",374.6,20479,40.5,230,20249
"2024","모나코","3304","미용이나 메이크업용 제품류와 기초화장용 제품류[의약품은 제외하며, 선스크린(sunscreen)과 선탠(sun tan) 제품류를 포함한다], 매니큐어용 제품류와 페디큐어(pedicure)용 제품류",0.9,30,42.3,1819,-1788
"2024","모로코","3304","미용이나 메이크업용 제품류와 기초화장용 제품류[의약품은 제외하며, 선스크린(sunscreen)과 선탠(sun tan) 제품류를 포함한다], 매니큐어용 제품류와 페디큐어(pedicure)용 제품류",24.9,1555,0.9,46,1509
"2024","모리셔스","3304","미용이나 메이크업용 제품류와 기초화장용 제품류[의약품은 제외하며, 선스크린(sunscreen)과 선탠(sun tan) 제품류를 포함한다], 매니큐어용 제품류와 페디큐어(pedicure)용 제품류",29.8,1120,0.0,1,1119
"2024","모리타니","3304","미용이나 메이크업용 제품류와 기초화장용 제품류[의약품은 제외하며, 선스크린(sunscreen)과 선탠(sun tan) 제품류를 포함한다], 매니큐어용 제품류와 페디큐어(pedicure)용 제품류",0.5,27,0.0,0,27
"2024","모잠비크","3304","미용이나 메이크업용 제품류와 기초화장용 제품류[의약품은 제외하며, 선스크린(sunscreen)과 선탠(sun tan) 제품류를 포함한다], 매니큐어용 제품류와 페디큐어(pedicure)용 제품류",0.1,4,0.0,0,4
"2024","몬테네그로","3304","미용이나 메이크업용 제품류와 기초화장용 제품류[의약품은 제외하며, 선스크린(sunscreen)과 선탠(sun tan) 제품류를 포함한다], 매니큐어용 제품류와 페디큐어(pedicure)용 제품류",9.0,322,0.0,0,322
"2024","몰도바","3304","미용이나 메이크업용 제품류와 기초화장용 제품류[의약품은 제외하며, 선스크린(sunscreen)과 선탠(sun tan) 제품류를 포함한다], 매니큐어용 제품류와 페디큐어(pedicure)용 제품류",191.2,6447,0.0,4,6444
"2024","몰디브","3304","미용이나 메이크업용 제품류와 기초화장용 제품류[의약품은 제외하며, 선스크린(sunscreen)과 선탠(sun tan) 제품류를 포함한다], 매니큐어용 제품류와 페디큐어(pedicure)용 제품류",18.8,978,0.0,1,976
"2024","몰타","3304","미용이나 메이크업용 제품류와 기초화장용 제품류[의약품은 제외하며, 선스크린(sunscreen)과 선탠(sun tan) 제품류를 포함한다], 매니큐어용 제품류와 페디큐어(pedicure)용 제품류",4.8,282,0.0,1,281
"2024","몽골","3304","미용이나 메이크업용 제품류와 기초화장용 제품류[의약품은 제외하며, 선스크린(sunscreen)과 선탠(sun tan) 제품류를 포함한다], 매니큐어용 제품류와 페디큐어(pedicure)용 제품류",2770.8,36944,2.0,62,36882
"2024","미국","3304","미용이나 메이크업용 제품류와 기초화장용 제품류[의약품은 제외하며, 선스크린(sunscreen)과 선탠(sun tan) 제품류를 포함한다], 매니큐어용 제품류와 페디큐어(pedicure)용 제품류",51781.6,1547590,3933.4,163439,1384151
"2024","미령 버진군도","3304","미용이나 메이크업용 제품류와 기초화장용 제품류[의약품은 제외하며, 선스크린(sunscreen)과 선탠(sun tan) 제품류를 포함한다], 매니큐어용 제품류와 페디큐어(pedicure)용 제품류",0.1,6,0.0,0,6
"2024","미얀마","3304","미용이나 메이크업용 제품류와 기초화장용 제품류[의약품은 제외하며, 선스크린(sunscreen)과 선탠(sun tan) 제품류를 포함한다], 매니큐어용 제품류와 페디큐어(pedicure)용 제품류",3120.3,48453,3.1,30,48423
"2024","바누아투","3304","미용이나 메이크업용 제품류와 기초화장용 제품류[의약품은 제외하며, 선스크린(sunscreen)과 선탠(sun tan) 제품류를 포함한다], 매니큐어용 제품류와 페디큐어(pedicure)용 제품류",0.1,0,0.0,0,0
"2024","바레인","3304","미용이나 메이크업용 제품류와 기초화장용 제품류[의약품은 제외하며, 선스크린(sunscreen)과 선탠(sun tan) 제품류를 포함한다], 매니큐어용 제품류와 페디큐어(pedicure)용 제품류",31.6,1465,0.0,1,1464
"2024","바베이도스","3304","미용이나 메이크업용 제품류와 기초화장용 제품류[의약품은 제외하며, 선스크린(sunscreen)과 선탠(sun tan) 제품류를 포함한다], 매니큐어용 제품류와 페디큐어(pedicure)용 제품류",1.0,56,0.0,0,56
"2024","바하마","3304","미용이나 메이크업용 제품류와 기초화장용 제품류[의약품은 제외하며, 선스크린(sunscreen)과 선탠(sun tan) 제품류를 포함한다], 매니큐어용 제품류와 페디큐어(pedicure)용 제품류",0.0,1,0.0,0,1
"2024","방글라데시","3304","미용이나 메이크업용 제품류와 기초화장용 제품류[의약품은 제외하며, 선스크린(sunscreen)과 선탠(sun tan) 제품류를 포함한다], 매니큐어용 제품류와 페디큐어(pedicure)용 제품류",322.1,9945,0.0,0,9945
"2024","버뮤다","3304","미용이나 메이크업용 제품류와 기초화장용 제품류[의약품은 제외하며, 선스크린(sunscreen)과 선탠(sun tan) 제품류를 포함한다], 매니큐어용 제품류와 페디큐어(pedicure)용 제품류",0.0,2,0.0,0,2
"2024","베네주엘라","3304","미용이나 메이크업용 제품류와 기초화장용 제품류[의약품은 제외하며, 선스크린(sunscreen)과 선탠(sun tan) 제품류를 포함한다], 매니큐어용 제품류와 페디큐어(pedicure)용 제품류",7.5,551,0.0,0,551
"2024","베닝","3304","미용이나 메이크업용 제품류와 기초화장용 제품류[의약품은 제외하며, 선스크린(sunscreen)과 선탠(sun tan) 제품류를 포함한다], 매니큐어용 제품류와 페디큐어(pedicure)용 제품류",0.0,0,0.0,0,0
"2024","베트남","3304","미용이나 메이크업용 제품류와 기초화장용 제품류[의약품은 제외하며, 선스크린(sunscreen)과 선탠(sun tan) 제품류를 포함한다], 매니큐어용 제품류와 페디큐어(pedicure)용 제품류",14029.3,466055,241.1,7302,458754
"2024","벨기에","3304","미용이나 메이크업용 제품류와 기초화장용 제품류[의약품은 제외하며, 선스크린(sunscreen)과 선탠(sun tan) 제품류를 포함한다], 매니큐어용 제품류와 페디큐어(pedicure)용 제품류",482.1,13879,203.4,19411,-5532
"2024","벨라루스","3304","미용이나 메이크업용 제품류와 기초화장용 제품류[의약품은 제외하며, 선스크린(sunscreen)과 선탠(sun tan) 제품류를 포함한다], 매니큐어용 제품류와 페디큐어(pedicure)용 제품류",224.8,4608,0.0,6,4602
"2024","보스니아-헤르체고비나","3304","미용이나 메이크업용 제품류와 기초화장용 제품류[의약품은 제외하며, 선스크린(sunscreen)과 선탠(sun tan) 제품류를 포함한다], 매니큐어용 제품류와 페디큐어(pedicure)용 제품류",0.8,158,0.0,1,157
"2024","보츠와나","3304","미용이나 메이크업용 제품류와 기초화장용 제품류[의약품은 제외하며, 선스크린(sunscreen)과 선탠(sun tan) 제품류를 포함한다], 매니큐어용 제품류와 페디큐어(pedicure)용 제품류",1.2,59,0.0,0,59
"2024","볼리비아","3304","미용이나 메이크업용 제품류와 기초화장용 제품류[의약품은 제외하며, 선스크린(sunscreen)과 선탠(sun tan) 제품류를 포함한다], 매니큐어용 제품류와 페디큐어(pedicure)용 제품류",13.5,561,0.0,0,561
"2024","부룬디","3304","미용이나 메이크업용 제품류와 기초화장용 제품류[의약품은 제외하며, 선스크린(sunscreen)과 선탠(sun tan) 제품류를 포함한다], 매니큐어용 제품류와 페디큐어(pedicure)용 제품류",0.0,0,0.0,0,0
"2024","부르키나 파소","3304","미용이나 메이크업용 제품류와 기초화장용 제품류[의약품은 제외하며, 선스크린(sunscreen)과 선탠(sun tan) 제품류를 포함한다], 매니큐어용 제품류와 페디큐어(pedicure)용 제품류",0.1,1,0.0,0,1
"2024","부탄","3304","미용이나 메이크업용 제품류와 기초화장용 제품류[의약품은 제외하며, 선스크린(sunscreen)과 선탠(sun tan) 제품류를 포함한다], 매니큐어용 제품류와 페디큐어(pedicure)용 제품류",37.9,1640,0.0,1,1639
"2024","북마리아나 군도","3304","미용이나 메이크업용 제품류와 기초화장용 제품류[의약품은 제외하며, 선스크린(sunscreen)과 선탠(sun tan) 제품류를 포함한다], 매니큐어용 제품류와 페디큐어(pedicure)용 제품류",1.0,32,0.0,0,32
"2024","불가리아","3304","미용이나 메이크업용 제품류와 기초화장용 제품류[의약품은 제외하며, 선스크린(sunscreen)과 선탠(sun tan) 제품류를 포함한다], 매니큐어용 제품류와 페디큐어(pedicure)용 제품류",226.9,9861,6.3,183,9678
"2024","불령 가이아나","3304","미용이나 메이크업용 제품류와 기초화장용 제품류[의약품은 제외하며, 선스크린(sunscreen)과 선탠(sun tan) 제품류를 포함한다], 매니큐어용 제품류와 페디큐어(pedicure)용 제품류",0.2,11,0.0,0,11
"2024","불령 리유니온 코모도 제도","3304","미용이나 메이크업용 제품류와 기초화장용 제품류[의약품은 제외하며, 선스크린(sunscreen)과 선탠(sun tan) 제품류를 포함한다], 매니큐어용 제품류와 페디큐어(pedicure)용 제품류",1.9,103,0.0,3,101
"2024","불령 폴리네시아","3304","미용이나 메이크업용 제품류와 기초화장용 제품류[의약품은 제외하며, 선스크린(sunscreen)과 선탠(sun tan) 제품류를 포함한다], 매니큐어용 제품류와 페디큐어(pedicure)용 제품류",0.7,33,0.0,0,33
"2024","브라질","3304","미용이나 메이크업용 제품류와 기초화장용 제품류[의약품은 제외하며, 선스크린(sunscreen)과 선탠(sun tan) 제품류를 포함한다], 매니큐어용 제품류와 페디큐어(pedicure)용 제품류",329.3,28765,0.2,14,28751
"2024","브루나이","3304","미용이나 메이크업용 제품류와 기초화장용 제품류[의약품은 제외하며, 선스크린(sunscreen)과 선탠(sun tan) 제품류를 포함한다], 매니큐어용 제품류와 페디큐어(pedicure)용 제품류",61.8,2538,0.1,5,2533
"2024","사모아","3304","미용이나 메이크업용 제품류와 기초화장용 제품류[의약품은 제외하며, 선스크린(sunscreen)과 선탠(sun tan) 제품류를 포함한다], 매니큐어용 제품류와 페디큐어(pedicure)용 제품류",0.0,0,0.0,0,0
"2024","사우디아라비아","3304","미용이나 메이크업용 제품류와 기초화장용 제품류[의약품은 제외하며, 선스크린(sunscreen)과 선탠(sun tan) 제품류를 포함한다], 매니큐어용 제품류와 페디큐어(pedicure)용 제품류",1286.6,54430,0.7,53,54377
"2024","사이프러스","3304","미용이나 메이크업용 제품류와 기초화장용 제품류[의약품은 제외하며, 선스크린(sunscreen)과 선탠(sun tan) 제품류를 포함한다], 매니큐어용 제품류와 페디큐어(pedicure)용 제품류",61.6,2995,8.2,249,2747
"2024","산마리노","3304","미용이나 메이크업용 제품류와 기초화장용 제품류[의약품은 제외하며, 선스크린(sunscreen)과 선탠(sun tan) 제품류를 포함한다], 매니큐어용 제품류와 페디큐어(pedicure)용 제품류",0.4,126,0.0,0,126
"2024","세네갈","3304","미용이나 메이크업용 제품류와 기초화장용 제품류[의약품은 제외하며, 선스크린(sunscreen)과 선탠(sun tan) 제품류를 포함한다], 매니큐어용 제품류와 페디큐어(pedicure)용 제품류",8.6,367,0.0,0,367
"2024","세르비아","3304","미용이나 메이크업용 제품류와 기초화장용 제품류[의약품은 제외하며, 선스크린(sunscreen)과 선탠(sun tan) 제품류를 포함한다], 매니큐어용 제품류와 페디큐어(pedicure)용 제품류",113.1,3782,0.0,1,3781
"2024","세이쉘","3304","미용이나 메이크업용 제품류와 기초화장용 제품류[의약품은 제외하며, 선스크린(sunscreen)과 선탠(sun tan) 제품류를 포함한다], 매니큐어용 제품류와 페디큐어(pedicure)용 제품류",0.8,43,0.0,0,43
"2024","세인트 바르탤르미","3304","미용이나 메이크업용 제품류와 기초화장용 제품류[의약품은 제외하며, 선스크린(sunscreen)과 선탠(sun tan) 제품류를 포함한다], 매니큐어용 제품류와 페디큐어(pedicure)용 제품류",0.0,0,0.0,0,0
"2024","세인트마틴(생마르탱)","3304","미용이나 메이크업용 제품류와 기초화장용 제품류[의약품은 제외하며, 선스크린(sunscreen)과 선탠(sun tan) 제품류를 포함한다], 매니큐어용 제품류와 페디큐어(pedicure)용 제품류",0.0,1,0.0,0,1
"2024","소말리아","3304","미용이나 메이크업용 제품류와 기초화장용 제품류[의약품은 제외하며, 선스크린(sunscreen)과 선탠(sun tan) 제품류를 포함한다], 매니큐어용 제품류와 페디큐어(pedicure)용 제품류",36.8,1467,0.0,0,1467
"2024","수단","3304","미용이나 메이크업용 제품류와 기초화장용 제품류[의약품은 제외하며, 선스크린(sunscreen)과 선탠(sun tan) 제품류를 포함한다], 매니큐어용 제품류와 페디큐어(pedicure)용 제품류",4.3,100,0.0,0,100
"2024","수리남","3304","미용이나 메이크업용 제품류와 기초화장용 제품류[의약품은 제외하며, 선스크린(sunscreen)과 선탠(sun tan) 제품류를 포함한다], 매니큐어용 제품류와 페디큐어(pedicure)용 제품류",0.3,18,0.0,0,18
"2024","스리랑카","3304","미용이나 메이크업용 제품류와 기초화장용 제품류[의약품은 제외하며, 선스크린(sunscreen)과 선탠(sun tan) 제품류를 포함한다], 매니큐어용 제품류와 페디큐어(pedicure)용 제품류",21.7,1015,0.1,2,1014
"2024","스와질랜드","3304","미용이나 메이크업용 제품류와 기초화장용 제품류[의약품은 제외하며, 선스크린(sunscreen)과 선탠(sun tan) 제품류를 포함한다], 매니큐어용 제품류와 페디큐어(pedicure)용 제품류",0.0,12,0.0,0,12
"2024","스웨덴","3304","미용이나 메이크업용 제품류와 기초화장용 제품류[의약품은 제외하며, 선스크린(sunscreen)과 선탠(sun tan) 제품류를 포함한다], 매니큐어용 제품류와 페디큐어(pedicure)용 제품류",445.5,21400,31.3,13461,7938
"2024","스위스","3304","미용이나 메이크업용 제품류와 기초화장용 제품류[의약품은 제외하며, 선스크린(sunscreen)과 선탠(sun tan) 제품류를 포함한다], 매니큐어용 제품류와 페디큐어(pedicure)용 제품류",150.7,4798,141.5,31215,-26418
"2024","스페인","3304","미용이나 메이크업용 제품류와 기초화장용 제품류[의약품은 제외하며, 선스크린(sunscreen)과 선탠(sun tan) 제품류를 포함한다], 매니큐어용 제품류와 페디큐어(pedicure)용 제품류",768.5,30667,284.1,8605,22062
"2024","슬로바키아","3304","미용이나 메이크업용 제품류와 기초화장용 제품류[의약품은 제외하며, 선스크린(sunscreen)과 선탠(sun tan) 제품류를 포함한다], 매니큐어용 제품류와 페디큐어(pedicure)용 제품류",205.4,6893,0.1,7,6886
"2024","슬로베니아","3304","미용이나 메이크업용 제품류와 기초화장용 제품류[의약품은 제외하며, 선스크린(sunscreen)과 선탠(sun tan) 제품류를 포함한다], 매니큐어용 제품류와 페디큐어(pedicure)용 제품류",24.6,1222,0.0,0,1222
"2024","시에라 리온","3304","미용이나 메이크업용 제품류와 기초화장용 제품류[의약품은 제외하며, 선스크린(sunscreen)과 선탠(sun tan) 제품류를 포함한다], 매니큐어용 제품류와 페디큐어(pedicure)용 제품류",0.4,20,0.0,0,20
"2024","싱가포르","3304","미용이나 메이크업용 제품류와 기초화장용 제품류[의약품은 제외하며, 선스크린(sunscreen)과 선탠(sun tan) 제품류를 포함한다], 매니큐어용 제품류와 페디큐어(pedicure)용 제품류",3526.6,117194,112.5,16643,100552
"2024","아랍에미리트 연합","3304","미용이나 메이크업용 제품류와 기초화장용 제품류[의약품은 제외하며, 선스크린(sunscreen)과 선탠(sun tan) 제품류를 포함한다], 매니큐어용 제품류와 페디큐어(pedicure)용 제품류",2943.9,158318,30.7,580,157738
"2024","아루바","3304","미용이나 메이크업용 제품류와 기초화장용 제품류[의약품은 제외하며, 선스크린(sunscreen)과 선탠(sun tan) 제품류를 포함한다], 매니큐어용 제품류와 페디큐어(pedicure)용 제품류",0.2,12,0.0,0,12
"2024","아르메니아","3304","미용이나 메이크업용 제품류와 기초화장용 제품류[의약품은 제외하며, 선스크린(sunscreen)과 선탠(sun tan) 제품류를 포함한다], 매니큐어용 제품류와 페디큐어(pedicure)용 제품류",42.6,1820,0.0,3,1817
"2024","아르헨티나","3304","미용이나 메이크업용 제품류와 기초화장용 제품류[의약품은 제외하며, 선스크린(sunscreen)과 선탠(sun tan) 제품류를 포함한다], 매니큐어용 제품류와 페디큐어(pedicure)용 제품류",48.3,2732,0.0,1,2731
"2024","아메리칸 사모아","3304","미용이나 메이크업용 제품류와 기초화장용 제품류[의약품은 제외하며, 선스크린(sunscreen)과 선탠(sun tan) 제품류를 포함한다], 매니큐어용 제품류와 페디큐어(pedicure)용 제품류",0.0,2,0.0,0,2
"2024","아이슬란드","3304","미용이나 메이크업용 제품류와 기초화장용 제품류[의약품은 제외하며, 선스크린(sunscreen)과 선탠(sun tan) 제품류를 포함한다], 매니큐어용 제품류와 페디큐어(pedicure)용 제품류",7.7,291,0.0,0,291
"2024","아일랜드","3304","미용이나 메이크업용 제품류와 기초화장용 제품류[의약품은 제외하며, 선스크린(sunscreen)과 선탠(sun tan) 제품류를 포함한다], 매니큐어용 제품류와 페디큐어(pedicure)용 제품류",259.9,8219,0.3,13,8206
"2024","아제르바이잔","3304","미용이나 메이크업용 제품류와 기초화장용 제품류[의약품은 제외하며, 선스크린(sunscreen)과 선탠(sun tan) 제품류를 포함한다], 매니큐어용 제품류와 페디큐어(pedicure)용 제품류",90.3,5220,0.1,19,5201
"2024","아프카니스탄","3304","미용이나 메이크업용 제품류와 기초화장용 제품류[의약품은 제외하며, 선스크린(sunscreen)과 선탠(sun tan) 제품류를 포함한다], 매니큐어용 제품류와 페디큐어(pedicure)용 제품류",0.0,0,0.0,0,0
"2024","안도라","3304","미용이나 메이크업용 제품류와 기초화장용 제품류[의약품은 제외하며, 선스크린(sunscreen)과 선탠(sun tan) 제품류를 포함한다], 매니큐어용 제품류와 페디큐어(pedicure)용 제품류",0.1,22,0.0,0,22
"2024","안타티카","3304","미용이나 메이크업용 제품류와 기초화장용 제품류[의약품은 제외하며, 선스크린(sunscreen)과 선탠(sun tan) 제품류를 포함한다], 매니큐어용 제품류와 페디큐어(pedicure)용 제품류",0.3,3,0.0,0,3
"2024","안티가 바부다","3304","미용이나 메이크업용 제품류와 기초화장용 제품류[의약품은 제외하며, 선스크린(sunscreen)과 선탠(sun tan) 제품류를 포함한다], 매니큐어용 제품류와 페디큐어(pedicure)용 제품류",0.1,4,0.0,0,4
"2024","알바니아","3304","미용이나 메이크업용 제품류와 기초화장용 제품류[의약품은 제외하며, 선스크린(sunscreen)과 선탠(sun tan) 제품류를 포함한다], 매니큐어용 제품류와 페디큐어(pedicure)용 제품류",115.9,5497,0.0,2,5495
"2024","알제리","3304","미용이나 메이크업용 제품류와 기초화장용 제품류[의약품은 제외하며, 선스크린(sunscreen)과 선탠(sun tan) 제품류를 포함한다], 매니큐어용 제품류와 페디큐어(pedicure)용 제품류",1.6,185,0.0,0,185
"2024","앙골라","3304","미용이나 메이크업용 제품류와 기초화장용 제품류[의약품은 제외하며, 선스크린(sunscreen)과 선탠(sun tan) 제품류를 포함한다], 매니큐어용 제품류와 페디큐어(pedicure)용 제품류",0.7,26,0.0,0,26
"2024","앙귈라","3304","미용이나 메이크업용 제품류와 기초화장용 제품류[의약품은 제외하며, 선스크린(sunscreen)과 선탠(sun tan) 제품류를 포함한다], 매니큐어용 제품류와 페디큐어(pedicure)용 제품류",0.0,0,0.0,0,0
"2024","에스토니아","3304","미용이나 메이크업용 제품류와 기초화장용 제품류[의약품은 제외하며, 선스크린(sunscreen)과 선탠(sun tan) 제품류를 포함한다], 매니큐어용 제품류와 페디큐어(pedicure)용 제품류",781.5,23598,0.1,7,23591
"2024","에쿠아도르","3304","미용이나 메이크업용 제품류와 기초화장용 제품류[의약품은 제외하며, 선스크린(sunscreen)과 선탠(sun tan) 제품류를 포함한다], 매니큐어용 제품류와 페디큐어(pedicure)용 제품류",60.6,2533,0.0,0,2533
"2024","에티오피아","3304","미용이나 메이크업용 제품류와 기초화장용 제품류[의약품은 제외하며, 선스크린(sunscreen)과 선탠(sun tan) 제품류를 포함한다], 매니큐어용 제품류와 페디큐어(pedicure)용 제품류",0.2,7,0.0,0,7
"2024","엘살바도르","3304","미용이나 메이크업용 제품류와 기초화장용 제품류[의약품은 제외하며, 선스크린(sunscreen)과 선탠(sun tan) 제품류를 포함한다], 매니큐어용 제품류와 페디큐어(pedicure)용 제품류",6.4,144,0.0,0,144
"2024","영국","3304","미용이나 메이크업용 제품류와 기초화장용 제품류[의약품은 제외하며, 선스크린(sunscreen)과 선탠(sun tan) 제품류를 포함한다], 매니큐어용 제품류와 페디큐어(pedicure)용 제품류",3726.8,132983,452.9,24294,108690
"2024","영령 캐이맨 군도","3304","미용이나 메이크업용 제품류와 기초화장용 제품류[의약품은 제외하며, 선스크린(sunscreen)과 선탠(sun tan) 제품류를 포함한다], 매니큐어용 제품류와 페디큐어(pedicure)용 제품류",0.2,12,0.0,0,12
"2024","예맨","3304","미용이나 메이크업용 제품류와 기초화장용 제품류[의약품은 제외하며, 선스크린(sunscreen)과 선탠(sun tan) 제품류를 포함한다], 매니큐어용 제품류와 페디큐어(pedicure)용 제품류",26.4,1421,0.0,0,1421
"2024","오만","3304","미용이나 메이크업용 제품류와 기초화장용 제품류[의약품은 제외하며, 선스크린(sunscreen)과 선탠(sun tan) 제품류를 포함한다], 매니큐어용 제품류와 페디큐어(pedicure)용 제품류",73.6,2797,0.0,0,2797
"2024","오스트리아","3304","미용이나 메이크업용 제품류와 기초화장용 제품류[의약품은 제외하며, 선스크린(sunscreen)과 선탠(sun tan) 제품류를 포함한다], 매니큐어용 제품류와 페디큐어(pedicure)용 제품류",18.9,1463,7.2,255,1207
"2024","온두라스","3304","미용이나 메이크업용 제품류와 기초화장용 제품류[의약품은 제외하며, 선스크린(sunscreen)과 선탠(sun tan) 제품류를 포함한다], 매니큐어용 제품류와 페디큐어(pedicure)용 제품류",3.3,170,0.0,0,170
"2024","요르단","3304","미용이나 메이크업용 제품류와 기초화장용 제품류[의약품은 제외하며, 선스크린(sunscreen)과 선탠(sun tan) 제품류를 포함한다], 매니큐어용 제품류와 페디큐어(pedicure)용 제품류",8.0,1269,0.0,1,1268
"2024","우간다","3304","미용이나 메이크업용 제품류와 기초화장용 제품류[의약품은 제외하며, 선스크린(sunscreen)과 선탠(sun tan) 제품류를 포함한다], 매니큐어용 제품류와 페디큐어(pedicure)용 제품류",1.2,55,0.1,2,53
"2024","우루과이","3304","미용이나 메이크업용 제품류와 기초화장용 제품류[의약품은 제외하며, 선스크린(sunscreen)과 선탠(sun tan) 제품류를 포함한다], 매니큐어용 제품류와 페디큐어(pedicure)용 제품류",4.9,687,0.0,0,687
"2024","우즈베키스탄","3304","미용이나 메이크업용 제품류와 기초화장용 제품류[의약품은 제외하며, 선스크린(sunscreen)과 선탠(sun tan) 제품류를 포함한다], 매니큐어용 제품류와 페디큐어(pedicure)용 제품류",790.4,16031,0.1,23,16008
"2024","우크라이나","3304","미용이나 메이크업용 제품류와 기초화장용 제품류[의약품은 제외하며, 선스크린(sunscreen)과 선탠(sun tan) 제품류를 포함한다], 매니큐어용 제품류와 페디큐어(pedicure)용 제품류",1341.6,54700,0.2,13,54687
"2024","이라크","3304","미용이나 메이크업용 제품류와 기초화장용 제품류[의약품은 제외하며, 선스크린(sunscreen)과 선탠(sun tan) 제품류를 포함한다], 매니큐어용 제품류와 페디큐어(pedicure)용 제품류",426.9,27679,0.2,8,27671
"2024","이란","3304","미용이나 메이크업용 제품류와 기초화장용 제품류[의약품은 제외하며, 선스크린(sunscreen)과 선탠(sun tan) 제품류를 포함한다], 매니큐어용 제품류와 페디큐어(pedicure)용 제품류",5.7,365,0.0,0,365
"2024","이스라엘","3304","미용이나 메이크업용 제품류와 기초화장용 제품류[의약품은 제외하며, 선스크린(sunscreen)과 선탠(sun tan) 제품류를 포함한다], 매니큐어용 제품류와 페디큐어(pedicure)용 제품류",286.5,8778,83.4,1999,6779
"2024","이집트","3304","미용이나 메이크업용 제품류와 기초화장용 제품류[의약품은 제외하며, 선스크린(sunscreen)과 선탠(sun tan) 제품류를 포함한다], 매니큐어용 제품류와 페디큐어(pedicure)용 제품류",4.8,364,0.0,1,363
"2024","이탈리아","3304","미용이나 메이크업용 제품류와 기초화장용 제품류[의약품은 제외하며, 선스크린(sunscreen)과 선탠(sun tan) 제품류를 포함한다], 매니큐어용 제품류와 페디큐어(pedicure)용 제품류",554.0,19006,817.7,55619,-36613
"2024","인도","3304","미용이나 메이크업용 제품류와 기초화장용 제품류[의약품은 제외하며, 선스크린(sunscreen)과 선탠(sun tan) 제품류를 포함한다], 매니큐어용 제품류와 페디큐어(pedicure)용 제품류",2515.7,65624,748.8,4220,61404
"2024","인도네시아","3304","미용이나 메이크업용 제품류와 기초화장용 제품류[의약품은 제외하며, 선스크린(sunscreen)과 선탠(sun tan) 제품류를 포함한다], 매니큐어용 제품류와 페디큐어(pedicure)용 제품류",3243.0,118882,36.3,355,118527
"2024","일본","3304","미용이나 메이크업용 제품류와 기초화장용 제품류[의약품은 제외하며, 선스크린(sunscreen)과 선탠(sun tan) 제품류를 포함한다], 매니큐어용 제품류와 페디큐어(pedicure)용 제품류",21987.1,840375,1848.5,81195,759181
"2024","자마이카","3304","미용이나 메이크업용 제품류와 기초화장용 제품류[의약품은 제외하며, 선스크린(sunscreen)과 선탠(sun tan) 제품류를 포함한다], 매니큐어용 제품류와 페디큐어(pedicure)용 제품류",0.0,5,0.0,0,5
"2024","잠비아","3304","미용이나 메이크업용 제품류와 기초화장용 제품류[의약품은 제외하며, 선스크린(sunscreen)과 선탠(sun tan) 제품류를 포함한다], 매니큐어용 제품류와 페디큐어(pedicure)용 제품류",0.3,15,0.0,0,15
"2024","저어지","3304","미용이나 메이크업용 제품류와 기초화장용 제품류[의약품은 제외하며, 선스크린(sunscreen)과 선탠(sun tan) 제품류를 포함한다], 매니큐어용 제품류와 페디큐어(pedicure)용 제품류",0.0,0,0.0,0,0
"2024","조지아","3304","미용이나 메이크업용 제품류와 기초화장용 제품류[의약품은 제외하며, 선스크린(sunscreen)과 선탠(sun tan) 제품류를 포함한다], 매니큐어용 제품류와 페디큐어(pedicure)용 제품류",118.1,6573,0.1,7,6566
"2024","중국","3304","미용이나 메이크업용 제품류와 기초화장용 제품류[의약품은 제외하며, 선스크린(sunscreen)과 선탠(sun tan) 제품류를 포함한다], 매니큐어용 제품류와 페디큐어(pedicure)용 제품류",60961.0,2156317,2078.2,38961,2117356
"2024","중앙아프리카공화국","3304","미용이나 메이크업용 제품류와 기초화장용 제품류[의약품은 제외하며, 선스크린(sunscreen)과 선탠(sun tan) 제품류를 포함한다], 매니큐어용 제품류와 페디큐어(pedicure)용 제품류",0.0,2,0.0,0,2
"2024","지부티","3304","미용이나 메이크업용 제품류와 기초화장용 제품류[의약품은 제외하며, 선스크린(sunscreen)과 선탠(sun tan) 제품류를 포함한다], 매니큐어용 제품류와 페디큐어(pedicure)용 제품류",1.3,56,0.0,0,56
"2024","지브랄타","3304","미용이나 메이크업용 제품류와 기초화장용 제품류[의약품은 제외하며, 선스크린(sunscreen)과 선탠(sun tan) 제품류를 포함한다], 매니큐어용 제품류와 페디큐어(pedicure)용 제품류",0.0,1,0.0,0,1
"2024","짐바브웨","3304","미용이나 메이크업용 제품류와 기초화장용 제품류[의약품은 제외하며, 선스크린(sunscreen)과 선탠(sun tan) 제품류를 포함한다], 매니큐어용 제품류와 페디큐어(pedicure)용 제품류",0.2,15,0.0,0,15
"2024","체코공화국","3304","미용이나 메이크업용 제품류와 기초화장용 제품류[의약품은 제외하며, 선스크린(sunscreen)과 선탠(sun tan) 제품류를 포함한다], 매니큐어용 제품류와 페디큐어(pedicure)용 제품류",485.7,24225,65.1,9761,14463
"2024","칠레","3304","미용이나 메이크업용 제품류와 기초화장용 제품류[의약품은 제외하며, 선스크린(sunscreen)과 선탠(sun tan) 제품류를 포함한다], 매니큐어용 제품류와 페디큐어(pedicure)용 제품류",324.4,15732,0.7,75,15657
"2024","카메룬","3304","미용이나 메이크업용 제품류와 기초화장용 제품류[의약품은 제외하며, 선스크린(sunscreen)과 선탠(sun tan) 제품류를 포함한다], 매니큐어용 제품류와 페디큐어(pedicure)용 제품류",2.8,113,0.0,0,113
"2024","카자흐스탄","3304","미용이나 메이크업용 제품류와 기초화장용 제품류[의약품은 제외하며, 선스크린(sunscreen)과 선탠(sun tan) 제품류를 포함한다], 매니큐어용 제품류와 페디큐어(pedicure)용 제품류",2398.2,83652,0.5,76,83576
"2024","카타르","3304","미용이나 메이크업용 제품류와 기초화장용 제품류[의약품은 제외하며, 선스크린(sunscreen)과 선탠(sun tan) 제품류를 포함한다], 매니큐어용 제품류와 페디큐어(pedicure)용 제품류",157.6,7323,0.2,9,7314
"2024","캄보디아","3304","미용이나 메이크업용 제품류와 기초화장용 제품류[의약품은 제외하며, 선스크린(sunscreen)과 선탠(sun tan) 제품류를 포함한다], 매니큐어용 제품류와 페디큐어(pedicure)용 제품류",2377.0,63596,0.4,8,63587
"2024","캐나다","3304","미용이나 메이크업용 제품류와 기초화장용 제품류[의약품은 제외하며, 선스크린(sunscreen)과 선탠(sun tan) 제품류를 포함한다], 매니큐어용 제품류와 페디큐어(pedicure)용 제품류",3334.3,103398,2701.5,39392,64006
"2024","케냐","3304","미용이나 메이크업용 제품류와 기초화장용 제품류[의약품은 제외하며, 선스크린(sunscreen)과 선탠(sun tan) 제품류를 포함한다], 매니큐어용 제품류와 페디큐어(pedicure)용 제품류",33.9,1238,0.5,16,1221
"2024","코스타리카","3304","미용이나 메이크업용 제품류와 기초화장용 제품류[의약품은 제외하며, 선스크린(sunscreen)과 선탠(sun tan) 제품류를 포함한다], 매니큐어용 제품류와 페디큐어(pedicure)용 제품류",17.0,651,0.0,0,651
"2024","코트디봐르","3304","미용이나 메이크업용 제품류와 기초화장용 제품류[의약품은 제외하며, 선스크린(sunscreen)과 선탠(sun tan) 제품류를 포함한다], 매니큐어용 제품류와 페디큐어(pedicure)용 제품류",1.2,68,0.0,0,68
"2024","콜롬비아","3304","미용이나 메이크업용 제품류와 기초화장용 제품류[의약품은 제외하며, 선스크린(sunscreen)과 선탠(sun tan) 제품류를 포함한다], 매니큐어용 제품류와 페디큐어(pedicure)용 제품류",99.8,5475,0.3,22,5453
"2024","콩고","3304","미용이나 메이크업용 제품류와 기초화장용 제품류[의약품은 제외하며, 선스크린(sunscreen)과 선탠(sun tan) 제품류를 포함한다], 매니큐어용 제품류와 페디큐어(pedicure)용 제품류",0.3,32,0.0,0,32
"2024","콩고민주공화국","3304","미용이나 메이크업용 제품류와 기초화장용 제품류[의약품은 제외하며, 선스크린(sunscreen)과 선탠(sun tan) 제품류를 포함한다], 매니큐어용 제품류와 페디큐어(pedicure)용 제품류",0.1,6,0.0,0,6
"2024","쿠바","3304","미용이나 메이크업용 제품류와 기초화장용 제품류[의약품은 제외하며, 선스크린(sunscreen)과 선탠(sun tan) 제품류를 포함한다], 매니큐어용 제품류와 페디큐어(pedicure)용 제품류",0.1,5,0.0,0,5
"2024","쿠웨이트","3304","미용이나 메이크업용 제품류와 기초화장용 제품류[의약품은 제외하며, 선스크린(sunscreen)과 선탠(sun tan) 제품류를 포함한다], 매니큐어용 제품류와 페디큐어(pedicure)용 제품류",332.6,13821,0.1,3,13818
"2024","큐라소","3304","미용이나 메이크업용 제품류와 기초화장용 제품류[의약품은 제외하며, 선스크린(sunscreen)과 선탠(sun tan) 제품류를 포함한다], 매니큐어용 제품류와 페디큐어(pedicure)용 제품류",0.2,11,0.0,0,11
"2024","크로아티아","3304","미용이나 메이크업용 제품류와 기초화장용 제품류[의약품은 제외하며, 선스크린(sunscreen)과 선탠(sun tan) 제품류를 포함한다], 매니큐어용 제품류와 페디큐어(pedicure)용 제품류",33.9,1639,0.3,13,1625
"2024","키르기스스탄","3304","미용이나 메이크업용 제품류와 기초화장용 제품류[의약품은 제외하며, 선스크린(sunscreen)과 선탠(sun tan) 제품류를 포함한다], 매니큐어용 제품류와 페디큐어(pedicure)용 제품류",2607.2,73863,0.0,5,73858
"2024","타지크","3304","미용이나 메이크업용 제품류와 기초화장용 제품류[의약품은 제외하며, 선스크린(sunscreen)과 선탠(sun tan) 제품류를 포함한다], 매니큐어용 제품류와 페디큐어(pedicure)용 제품류",10.0,405,0.0,0,405
"2024","탄자니아","3304","미용이나 메이크업용 제품류와 기초화장용 제품류[의약품은 제외하며, 선스크린(sunscreen)과 선탠(sun tan) 제품류를 포함한다], 매니큐어용 제품류와 페디큐어(pedicure)용 제품류",19.6,938,0.0,0,938
"2024","태국","3304","미용이나 메이크업용 제품류와 기초화장용 제품류[의약품은 제외하며, 선스크린(sunscreen)과 선탠(sun tan) 제품류를 포함한다], 매니큐어용 제품류와 페디큐어(pedicure)용 제품류",5690.9,186352,1955.4,18464,167889
"2024","토고","3304","미용이나 메이크업용 제품류와 기초화장용 제품류[의약품은 제외하며, 선스크린(sunscreen)과 선탠(sun tan) 제품류를 포함한다], 매니큐어용 제품류와 페디큐어(pedicure)용 제품류",0.3,15,0.0,0,15
"2024","토켈라우","3304","미용이나 메이크업용 제품류와 기초화장용 제품류[의약품은 제외하며, 선스크린(sunscreen)과 선탠(sun tan) 제품류를 포함한다], 매니큐어용 제품류와 페디큐어(pedicure)용 제품류",3.5,47,0.0,0,47
"2024","투르크 & 카이코스 군도","3304","미용이나 메이크업용 제품류와 기초화장용 제품류[의약품은 제외하며, 선스크린(sunscreen)과 선탠(sun tan) 제품류를 포함한다], 매니큐어용 제품류와 페디큐어(pedicure)용 제품류",0.0,1,0.0,0,1
"2024","투르크멘","3304","미용이나 메이크업용 제품류와 기초화장용 제품류[의약품은 제외하며, 선스크린(sunscreen)과 선탠(sun tan) 제품류를 포함한다], 매니큐어용 제품류와 페디큐어(pedicure)용 제품류",6.8,296,0.0,1,296
"2024","튀니지","3304","미용이나 메이크업용 제품류와 기초화장용 제품류[의약품은 제외하며, 선스크린(sunscreen)과 선탠(sun tan) 제품류를 포함한다], 매니큐어용 제품류와 페디큐어(pedicure)용 제품류",1.4,247,0.0,0,247
"2024","튀르키예","3304","미용이나 메이크업용 제품류와 기초화장용 제품류[의약품은 제외하며, 선스크린(sunscreen)과 선탠(sun tan) 제품류를 포함한다], 매니큐어용 제품류와 페디큐어(pedicure)용 제품류",1410.3,65313,13.0,270,65043
"2024","트리니다드 토바고","3304","미용이나 메이크업용 제품류와 기초화장용 제품류[의약품은 제외하며, 선스크린(sunscreen)과 선탠(sun tan) 제품류를 포함한다], 매니큐어용 제품류와 페디큐어(pedicure)용 제품류",21.4,859,0.0,0,859
"2024","티모르","3304","미용이나 메이크업용 제품류와 기초화장용 제품류[의약품은 제외하며, 선스크린(sunscreen)과 선탠(sun tan) 제품류를 포함한다], 매니큐어용 제품류와 페디큐어(pedicure)용 제품류",0.2,5,0.0,0,5
"2024","파나마","3304","미용이나 메이크업용 제품류와 기초화장용 제품류[의약품은 제외하며, 선스크린(sunscreen)과 선탠(sun tan) 제품류를 포함한다], 매니큐어용 제품류와 페디큐어(pedicure)용 제품류",10.4,623,0.1,1,622
"2024","파라과이","3304","미용이나 메이크업용 제품류와 기초화장용 제품류[의약품은 제외하며, 선스크린(sunscreen)과 선탠(sun tan) 제품류를 포함한다], 매니큐어용 제품류와 페디큐어(pedicure)용 제품류",20.6,981,0.0,0,980
"2024","파키스탄","3304","미용이나 메이크업용 제품류와 기초화장용 제품류[의약품은 제외하며, 선스크린(sunscreen)과 선탠(sun tan) 제품류를 포함한다], 매니큐어용 제품류와 페디큐어(pedicure)용 제품류",35.7,2017,0.0,1,2016
"2024","파푸아 뉴기니","3304","미용이나 메이크업용 제품류와 기초화장용 제품류[의약품은 제외하며, 선스크린(sunscreen)과 선탠(sun tan) 제품류를 포함한다], 매니큐어용 제품류와 페디큐어(pedicure)용 제품류",0.1,3,0.0,0,3
"2024","팔레스타인 해방기구","3304","미용이나 메이크업용 제품류와 기초화장용 제품류[의약품은 제외하며, 선스크린(sunscreen)과 선탠(sun tan) 제품류를 포함한다], 매니큐어용 제품류와 페디큐어(pedicure)용 제품류",1.2,126,0.0,0,126
"2024","페루","3304","미용이나 메이크업용 제품류와 기초화장용 제품류[의약품은 제외하며, 선스크린(sunscreen)과 선탠(sun tan) 제품류를 포함한다], 매니큐어용 제품류와 페디큐어(pedicure)용 제품류",82.9,5199,0.0,1,5198
"2024","포루투갈","3304","미용이나 메이크업용 제품류와 기초화장용 제품류[의약품은 제외하며, 선스크린(sunscreen)과 선탠(sun tan) 제품류를 포함한다], 매니큐어용 제품류와 페디큐어(pedicure)용 제품류",3.2,637,1.6,56,582
"2024","폴란드","3304","미용이나 메이크업용 제품류와 기초화장용 제품류[의약품은 제외하며, 선스크린(sunscreen)과 선탠(sun tan) 제품류를 포함한다], 매니큐어용 제품류와 페디큐어(pedicure)용 제품류",4067.7,112448,299.7,5355,107093
"2024","푸에르토리코","3304","미용이나 메이크업용 제품류와 기초화장용 제품류[의약품은 제외하며, 선스크린(sunscreen)과 선탠(sun tan) 제품류를 포함한다], 매니큐어용 제품류와 페디큐어(pedicure)용 제품류",3.8,248,0.0,0,248
"2024","프랑스","3304","미용이나 메이크업용 제품류와 기초화장용 제품류[의약품은 제외하며, 선스크린(sunscreen)과 선탠(sun tan) 제품류를 포함한다], 매니큐어용 제품류와 페디큐어(pedicure)용 제품류",1610.9,67615,5953.2,310948,-243334
"2024","피지","3304","미용이나 메이크업용 제품류와 기초화장용 제품류[의약품은 제외하며, 선스크린(sunscreen)과 선탠(sun tan) 제품류를 포함한다], 매니큐어용 제품류와 페디큐어(pedicure)용 제품류",4.3,254,5.2,85,170
"2024","핀란드","3304","미용이나 메이크업용 제품류와 기초화장용 제품류[의약품은 제외하며, 선스크린(sunscreen)과 선탠(sun tan) 제품류를 포함한다], 매니큐어용 제품류와 페디큐어(pedicure)용 제품류",340.8,11637,1.2,23,11614
"2024","필리핀","3304","미용이나 메이크업용 제품류와 기초화장용 제품류[의약품은 제외하며, 선스크린(sunscreen)과 선탠(sun tan) 제품류를 포함한다], 매니큐어용 제품류와 페디큐어(pedicure)용 제품류",4583.2,76678,0.8,24,76654
"2024","헝가리","3304","미용이나 메이크업용 제품류와 기초화장용 제품류[의약품은 제외하며, 선스크린(sunscreen)과 선탠(sun tan) 제품류를 포함한다], 매니큐어용 제품류와 페디큐어(pedicure)용 제품류",73.4,2925,11.1,346,2579
"2024","호주","3304","미용이나 메이크업용 제품류와 기초화장용 제품류[의약품은 제외하며, 선스크린(sunscreen)과 선탠(sun tan) 제품류를 포함한다], 매니큐어용 제품류와 페디큐어(pedicure)용 제품류",4149.8,95993,386.6,16385,79608
"2024","홍콩","3304","미용이나 메이크업용 제품류와 기초화장용 제품류[의약품은 제외하며, 선스크린(sunscreen)과 선탠(sun tan) 제품류를 포함한다], 매니큐어용 제품류와 페디큐어(pedicure)용 제품류",11273.8,511135,66.7,4369,506766
"2025","가나","3304","미용이나 메이크업용 제품류와 기초화장용 제품류[의약품은 제외하며, 선스크린(sunscreen)과 선탠(sun tan) 제품류를 포함한다], 매니큐어용 제품류와 페디큐어(pedicure)용 제품류",16.5,767,0.0,0,767
"2025","가봉","3304","미용이나 메이크업용 제품류와 기초화장용 제품류[의약품은 제외하며, 선스크린(sunscreen)과 선탠(sun tan) 제품류를 포함한다], 매니큐어용 제품류와 페디큐어(pedicure)용 제품류",0.3,10,0.0,1,9
"2025","가이아나","3304","미용이나 메이크업용 제품류와 기초화장용 제품류[의약품은 제외하며, 선스크린(sunscreen)과 선탠(sun tan) 제품류를 포함한다], 매니큐어용 제품류와 페디큐어(pedicure)용 제품류",2.4,157,0.0,0,157
"2025","건지","3304","미용이나 메이크업용 제품류와 기초화장용 제품류[의약품은 제외하며, 선스크린(sunscreen)과 선탠(sun tan) 제품류를 포함한다], 매니큐어용 제품류와 페디큐어(pedicure)용 제품류",0.1,5,0.0,0,5
"2025","과델로프","3304","미용이나 메이크업용 제품류와 기초화장용 제품류[의약품은 제외하며, 선스크린(sunscreen)과 선탠(sun tan) 제품류를 포함한다], 매니큐어용 제품류와 페디큐어(pedicure)용 제품류",2.1,96,0.0,0,96
"2025","과테말라","3304","미용이나 메이크업용 제품류와 기초화장용 제품류[의약품은 제외하며, 선스크린(sunscreen)과 선탠(sun tan) 제품류를 포함한다], 매니큐어용 제품류와 페디큐어(pedicure)용 제품류",29.7,1112,0.0,1,1111
"2025","괌","3304","미용이나 메이크업용 제품류와 기초화장용 제품류[의약품은 제외하며, 선스크린(sunscreen)과 선탠(sun tan) 제품류를 포함한다], 매니큐어용 제품류와 페디큐어(pedicure)용 제품류",10.7,601,0.0,0,601
"2025","그레나다","3304","미용이나 메이크업용 제품류와 기초화장용 제품류[의약품은 제외하며, 선스크린(sunscreen)과 선탠(sun tan) 제품류를 포함한다], 매니큐어용 제품류와 페디큐어(pedicure)용 제품류",0.1,2,0.0,0,2
"2025","그리스","3304","미용이나 메이크업용 제품류와 기초화장용 제품류[의약품은 제외하며, 선스크린(sunscreen)과 선탠(sun tan) 제품류를 포함한다], 매니큐어용 제품류와 페디큐어(pedicure)용 제품류",197.6,9288,78.1,2272,7016
"2025","그린랜드","3304","미용이나 메이크업용 제품류와 기초화장용 제품류[의약품은 제외하며, 선스크린(sunscreen)과 선탠(sun tan) 제품류를 포함한다], 매니큐어용 제품류와 페디큐어(pedicure)용 제품류",0.8,48,0.0,0,48
"2025","기니","3304","미용이나 메이크업용 제품류와 기초화장용 제품류[의약품은 제외하며, 선스크린(sunscreen)과 선탠(sun tan) 제품류를 포함한다], 매니큐어용 제품류와 페디큐어(pedicure)용 제품류",0.1,12,0.0,0,12
"2025","기타국","3304","미용이나 메이크업용 제품류와 기초화장용 제품류[의약품은 제외하며, 선스크린(sunscreen)과 선탠(sun tan) 제품류를 포함한다], 매니큐어용 제품류와 페디큐어(pedicure)용 제품류",6.5,434,0.0,0,434
"2025","나미비아","3304","미용이나 메이크업용 제품류와 기초화장용 제품류[의약품은 제외하며, 선스크린(sunscreen)과 선탠(sun tan) 제품류를 포함한다], 매니큐어용 제품류와 페디큐어(pedicure)용 제품류",1.9,28,0.0,0,28
"2025","나이지리아","3304","미용이나 메이크업용 제품류와 기초화장용 제품류[의약품은 제외하며, 선스크린(sunscreen)과 선탠(sun tan) 제품류를 포함한다], 매니큐어용 제품류와 페디큐어(pedicure)용 제품류",423.2,14637,0.0,1,14635
"2025","남아프리카공화국","3304","미용이나 메이크업용 제품류와 기초화장용 제품류[의약품은 제외하며, 선스크린(sunscreen)과 선탠(sun tan) 제품류를 포함한다], 매니큐어용 제품류와 페디큐어(pedicure)용 제품류",207.6,7930,16.3,406,7524
"2025","네덜란드","3304","미용이나 메이크업용 제품류와 기초화장용 제품류[의약품은 제외하며, 선스크린(sunscreen)과 선탠(sun tan) 제품류를 포함한다], 매니큐어용 제품류와 페디큐어(pedicure)용 제품류",2400.3,103755,35.9,795,102959
"2025","네덜란드 열도","3304","미용이나 메이크업용 제품류와 기초화장용 제품류[의약품은 제외하며, 선스크린(sunscreen)과 선탠(sun tan) 제품류를 포함한다], 매니큐어용 제품류와 페디큐어(pedicure)용 제품류",0.0,0,0.0,0,0
"2025","네팔","3304","미용이나 메이크업용 제품류와 기초화장용 제품류[의약품은 제외하며, 선스크린(sunscreen)과 선탠(sun tan) 제품류를 포함한다], 매니큐어용 제품류와 페디큐어(pedicure)용 제품류",116.1,4024,1.6,6,4018
"2025","노르웨이","3304","미용이나 메이크업용 제품류와 기초화장용 제품류[의약품은 제외하며, 선스크린(sunscreen)과 선탠(sun tan) 제품류를 포함한다], 매니큐어용 제품류와 페디큐어(pedicure)용 제품류",429.1,14798,0.0,4,14794
"2025","뉴 칼레도니아","3304","미용이나 메이크업용 제품류와 기초화장용 제품류[의약품은 제외하며, 선스크린(sunscreen)과 선탠(sun tan) 제품류를 포함한다], 매니큐어용 제품류와 페디큐어(pedicure)용 제품류",3.3,123,0.0,0,123
"2025","뉴질랜드","3304","미용이나 메이크업용 제품류와 기초화장용 제품류[의약품은 제외하며, 선스크린(sunscreen)과 선탠(sun tan) 제품류를 포함한다], 매니큐어용 제품류와 페디큐어(pedicure)용 제품류",321.3,12625,23.7,812,11813
"2025","니제르","3304","미용이나 메이크업용 제품류와 기초화장용 제품류[의약품은 제외하며, 선스크린(sunscreen)과 선탠(sun tan) 제품류를 포함한다], 매니큐어용 제품류와 페디큐어(pedicure)용 제품류",0.4,17,0.0,0,17
"2025","니카라과","3304","미용이나 메이크업용 제품류와 기초화장용 제품류[의약품은 제외하며, 선스크린(sunscreen)과 선탠(sun tan) 제품류를 포함한다], 매니큐어용 제품류와 페디큐어(pedicure)용 제품류",5.0,270,0.0,0,270
"2025","대만","3304","미용이나 메이크업용 제품류와 기초화장용 제품류[의약품은 제외하며, 선스크린(sunscreen)과 선탠(sun tan) 제품류를 포함한다], 매니큐어용 제품류와 페디큐어(pedicure)용 제품류",14127.9,265792,22.3,921,264871
"2025","덴마크","3304","미용이나 메이크업용 제품류와 기초화장용 제품류[의약품은 제외하며, 선스크린(sunscreen)과 선탠(sun tan) 제품류를 포함한다], 매니큐어용 제품류와 페디큐어(pedicure)용 제품류",866.9,30612,1.5,13,30599
"2025","도미니카 공화국","3304","미용이나 메이크업용 제품류와 기초화장용 제품류[의약품은 제외하며, 선스크린(sunscreen)과 선탠(sun tan) 제품류를 포함한다], 매니큐어용 제품류와 페디큐어(pedicure)용 제품류",10.2,1055,0.0,0,1055
"2025","독일","3304","미용이나 메이크업용 제품류와 기초화장용 제품류[의약품은 제외하며, 선스크린(sunscreen)과 선탠(sun tan) 제품류를 포함한다], 매니큐어용 제품류와 페디큐어(pedicure)용 제품류",2123.3,76626,1229.5,33078,43548
"2025","라오스","3304","미용이나 메이크업용 제품류와 기초화장용 제품류[의약품은 제외하며, 선스크린(sunscreen)과 선탠(sun tan) 제품류를 포함한다], 매니큐어용 제품류와 페디큐어(pedicure)용 제품류",68.1,3412,0.0,0,3411
"2025","라이베리아","3304","미용이나 메이크업용 제품류와 기초화장용 제품류[의약품은 제외하며, 선스크린(sunscreen)과 선탠(sun tan) 제품류를 포함한다], 매니큐어용 제품류와 페디큐어(pedicure)용 제품류",0.2,8,0.0,0,8
"2025","라트비아","3304","미용이나 메이크업용 제품류와 기초화장용 제품류[의약품은 제외하며, 선스크린(sunscreen)과 선탠(sun tan) 제품류를 포함한다], 매니큐어용 제품류와 페디큐어(pedicure)용 제품류",87.5,3496,0.1,20,3476
"2025","러시아 연방","3304","미용이나 메이크업용 제품류와 기초화장용 제품류[의약품은 제외하며, 선스크린(sunscreen)과 선탠(sun tan) 제품류를 포함한다], 매니큐어용 제품류와 페디큐어(pedicure)용 제품류",13011.3,361229,1.1,83,361146
"2025","레바논","3304","미용이나 메이크업용 제품류와 기초화장용 제품류[의약품은 제외하며, 선스크린(sunscreen)과 선탠(sun tan) 제품류를 포함한다], 매니큐어용 제품류와 페디큐어(pedicure)용 제품류",58.6,6074,0.0,1,6074
"2025","레소토","3304","미용이나 메이크업용 제품류와 기초화장용 제품류[의약품은 제외하며, 선스크린(sunscreen)과 선탠(sun tan) 제품류를 포함한다], 매니큐어용 제품류와 페디큐어(pedicure)용 제품류",0.0,1,0.0,0,1
"2025","루마니아","3304","미용이나 메이크업용 제품류와 기초화장용 제품류[의약품은 제외하며, 선스크린(sunscreen)과 선탠(sun tan) 제품류를 포함한다], 매니큐어용 제품류와 페디큐어(pedicure)용 제품류",697.2,26144,0.2,13,26131
"2025","룩셈부르그","3304","미용이나 메이크업용 제품류와 기초화장용 제품류[의약품은 제외하며, 선스크린(sunscreen)과 선탠(sun tan) 제품류를 포함한다], 매니큐어용 제품류와 페디큐어(pedicure)용 제품류",4.9,710,2.8,108,601
"2025","르완다","3304","미용이나 메이크업용 제품류와 기초화장용 제품류[의약품은 제외하며, 선스크린(sunscreen)과 선탠(sun tan) 제품류를 포함한다], 매니큐어용 제품류와 페디큐어(pedicure)용 제품류",2.1,101,0.0,0,101
"2025","리비아","3304","미용이나 메이크업용 제품류와 기초화장용 제품류[의약품은 제외하며, 선스크린(sunscreen)과 선탠(sun tan) 제품류를 포함한다], 매니큐어용 제품류와 페디큐어(pedicure)용 제품류",82.2,3579,0.0,0,3579
"2025","리투아니아","3304","미용이나 메이크업용 제품류와 기초화장용 제품류[의약품은 제외하며, 선스크린(sunscreen)과 선탠(sun tan) 제품류를 포함한다], 매니큐어용 제품류와 페디큐어(pedicure)용 제품류",525.5,44041,0.0,1,44040
"2025","리히텐슈타인","3304","미용이나 메이크업용 제품류와 기초화장용 제품류[의약품은 제외하며, 선스크린(sunscreen)과 선탠(sun tan) 제품류를 포함한다], 매니큐어용 제품류와 페디큐어(pedicure)용 제품류",0.0,0,0.0,0,0
"2025","마다카스카르","3304","미용이나 메이크업용 제품류와 기초화장용 제품류[의약품은 제외하며, 선스크린(sunscreen)과 선탠(sun tan) 제품류를 포함한다], 매니큐어용 제품류와 페디큐어(pedicure)용 제품류",2.3,88,0.0,0,88
"2025","마샬군도","3304","미용이나 메이크업용 제품류와 기초화장용 제품류[의약품은 제외하며, 선스크린(sunscreen)과 선탠(sun tan) 제품류를 포함한다], 매니큐어용 제품류와 페디큐어(pedicure)용 제품류",0.1,0,0.0,0,0
"2025","마세도니아","3304","미용이나 메이크업용 제품류와 기초화장용 제품류[의약품은 제외하며, 선스크린(sunscreen)과 선탠(sun tan) 제품류를 포함한다], 매니큐어용 제품류와 페디큐어(pedicure)용 제품류",52.6,2018,0.0,0,2018
"2025","마카오","3304","미용이나 메이크업용 제품류와 기초화장용 제품류[의약품은 제외하며, 선스크린(sunscreen)과 선탠(sun tan) 제품류를 포함한다], 매니큐어용 제품류와 페디큐어(pedicure)용 제품류",34.8,741,0.0,3,738
"2025","마티니크","3304","미용이나 메이크업용 제품류와 기초화장용 제품류[의약품은 제외하며, 선스크린(sunscreen)과 선탠(sun tan) 제품류를 포함한다], 매니큐어용 제품류와 페디큐어(pedicure)용 제품류",2.3,110,0.0,0,110
"2025","말라위","3304","미용이나 메이크업용 제품류와 기초화장용 제품류[의약품은 제외하며, 선스크린(sunscreen)과 선탠(sun tan) 제품류를 포함한다], 매니큐어용 제품류와 페디큐어(pedicure)용 제품류",0.3,16,0.0,0,16
"2025","말레이시아","3304","미용이나 메이크업용 제품류와 기초화장용 제품류[의약품은 제외하며, 선스크린(sunscreen)과 선탠(sun tan) 제품류를 포함한다], 매니큐어용 제품류와 페디큐어(pedicure)용 제품류",4248.1,118061,1418.9,7761,110300
"2025","말리","3304","미용이나 메이크업용 제품류와 기초화장용 제품류[의약품은 제외하며, 선스크린(sunscreen)과 선탠(sun tan) 제품류를 포함한다], 매니큐어용 제품류와 페디큐어(pedicure)용 제품류",2.2,125,0.0,0,125
"2025","멕시코","3304","미용이나 메이크업용 제품류와 기초화장용 제품류[의약품은 제외하며, 선스크린(sunscreen)과 선탠(sun tan) 제품류를 포함한다], 매니큐어용 제품류와 페디큐어(pedicure)용 제품류",1062.6,50674,16.9,385,50290
"2025","모나코","3304","미용이나 메이크업용 제품류와 기초화장용 제품류[의약품은 제외하며, 선스크린(sunscreen)과 선탠(sun tan) 제품류를 포함한다], 매니큐어용 제품류와 페디큐어(pedicure)용 제품류",0.4,26,48.1,1968,-1942
"2025","모로코","3304","미용이나 메이크업용 제품류와 기초화장용 제품류[의약품은 제외하며, 선스크린(sunscreen)과 선탠(sun tan) 제품류를 포함한다], 매니큐어용 제품류와 페디큐어(pedicure)용 제품류",106.2,4052,0.1,6,4046
"2025","모리셔스","3304","미용이나 메이크업용 제품류와 기초화장용 제품류[의약품은 제외하며, 선스크린(sunscreen)과 선탠(sun tan) 제품류를 포함한다], 매니큐어용 제품류와 페디큐어(pedicure)용 제품류",45.4,1899,0.0,1,1897
"2025","모리타니","3304","미용이나 메이크업용 제품류와 기초화장용 제품류[의약품은 제외하며, 선스크린(sunscreen)과 선탠(sun tan) 제품류를 포함한다], 매니큐어용 제품류와 페디큐어(pedicure)용 제품류",2.2,93,0.0,0,93
"2025","모잠비크","3304","미용이나 메이크업용 제품류와 기초화장용 제품류[의약품은 제외하며, 선스크린(sunscreen)과 선탠(sun tan) 제품류를 포함한다], 매니큐어용 제품류와 페디큐어(pedicure)용 제품류",0.5,26,0.0,0,26
"2025","몬테네그로","3304","미용이나 메이크업용 제품류와 기초화장용 제품류[의약품은 제외하며, 선스크린(sunscreen)과 선탠(sun tan) 제품류를 포함한다], 매니큐어용 제품류와 페디큐어(pedicure)용 제품류",16.9,753,0.0,0,752
"2025","몬트세라트","3304","미용이나 메이크업용 제품류와 기초화장용 제품류[의약품은 제외하며, 선스크린(sunscreen)과 선탠(sun tan) 제품류를 포함한다], 매니큐어용 제품류와 페디큐어(pedicure)용 제품류",0.1,2,0.0,0,2
"2025","몰도바","3304","미용이나 메이크업용 제품류와 기초화장용 제품류[의약품은 제외하며, 선스크린(sunscreen)과 선탠(sun tan) 제품류를 포함한다], 매니큐어용 제품류와 페디큐어(pedicure)용 제품류",200.0,6956,0.0,0,6956
"2025","몰디브","3304","미용이나 메이크업용 제품류와 기초화장용 제품류[의약품은 제외하며, 선스크린(sunscreen)과 선탠(sun tan) 제품류를 포함한다], 매니큐어용 제품류와 페디큐어(pedicure)용 제품류",24.4,1314,0.0,0,1314
"2025","몰타","3304","미용이나 메이크업용 제품류와 기초화장용 제품류[의약품은 제외하며, 선스크린(sunscreen)과 선탠(sun tan) 제품류를 포함한다], 매니큐어용 제품류와 페디큐어(pedicure)용 제품류",15.4,714,0.0,0,714
"2025","몽골","3304","미용이나 메이크업용 제품류와 기초화장용 제품류[의약품은 제외하며, 선스크린(sunscreen)과 선탠(sun tan) 제품류를 포함한다], 매니큐어용 제품류와 페디큐어(pedicure)용 제품류",2918.0,44933,1.4,33,44900
"2025","미국","3304","미용이나 메이크업용 제품류와 기초화장용 제품류[의약품은 제외하며, 선스크린(sunscreen)과 선탠(sun tan) 제품류를 포함한다], 매니큐어용 제품류와 페디큐어(pedicure)용 제품류",61276.6,1748808,3525.8,162461,1586347
"2025","미령 버진군도","3304","미용이나 메이크업용 제품류와 기초화장용 제품류[의약품은 제외하며, 선스크린(sunscreen)과 선탠(sun tan) 제품류를 포함한다], 매니큐어용 제품류와 페디큐어(pedicure)용 제품류",0.0,6,0.0,0,6
"2025","미얀마","3304","미용이나 메이크업용 제품류와 기초화장용 제품류[의약품은 제외하며, 선스크린(sunscreen)과 선탠(sun tan) 제품류를 포함한다], 매니큐어용 제품류와 페디큐어(pedicure)용 제품류",3134.9,52610,2.1,27,52583
"2025","바누아투","3304","미용이나 메이크업용 제품류와 기초화장용 제품류[의약품은 제외하며, 선스크린(sunscreen)과 선탠(sun tan) 제품류를 포함한다], 매니큐어용 제품류와 페디큐어(pedicure)용 제품류",0.5,2,0.0,0,2
"2025","바레인","3304","미용이나 메이크업용 제품류와 기초화장용 제품류[의약품은 제외하며, 선스크린(sunscreen)과 선탠(sun tan) 제품류를 포함한다], 매니큐어용 제품류와 페디큐어(pedicure)용 제품류",26.4,1358,0.0,0,1358
"2025","바베이도스","3304","미용이나 메이크업용 제품류와 기초화장용 제품류[의약품은 제외하며, 선스크린(sunscreen)과 선탠(sun tan) 제품류를 포함한다], 매니큐어용 제품류와 페디큐어(pedicure)용 제품류",0.8,46,0.0,0,46
"2025","바하마","3304","미용이나 메이크업용 제품류와 기초화장용 제품류[의약품은 제외하며, 선스크린(sunscreen)과 선탠(sun tan) 제품류를 포함한다], 매니큐어용 제품류와 페디큐어(pedicure)용 제품류",0.2,9,0.0,0,9
"2025","방글라데시","3304","미용이나 메이크업용 제품류와 기초화장용 제품류[의약품은 제외하며, 선스크린(sunscreen)과 선탠(sun tan) 제품류를 포함한다], 매니큐어용 제품류와 페디큐어(pedicure)용 제품류",489.5,17346,0.0,0,17346
"2025","버뮤다","3304","미용이나 메이크업용 제품류와 기초화장용 제품류[의약품은 제외하며, 선스크린(sunscreen)과 선탠(sun tan) 제품류를 포함한다], 매니큐어용 제품류와 페디큐어(pedicure)용 제품류",1.4,73,0.0,0,73
"2025","베네주엘라","3304","미용이나 메이크업용 제품류와 기초화장용 제품류[의약품은 제외하며, 선스크린(sunscreen)과 선탠(sun tan) 제품류를 포함한다], 매니큐어용 제품류와 페디큐어(pedicure)용 제품류",39.0,2248,0.0,0,2248
"2025","베닝","3304","미용이나 메이크업용 제품류와 기초화장용 제품류[의약품은 제외하며, 선스크린(sunscreen)과 선탠(sun tan) 제품류를 포함한다], 매니큐어용 제품류와 페디큐어(pedicure)용 제품류",0.0,7,0.0,0,7
"2025","베트남","3304","미용이나 메이크업용 제품류와 기초화장용 제품류[의약품은 제외하며, 선스크린(sunscreen)과 선탠(sun tan) 제품류를 포함한다], 매니큐어용 제품류와 페디큐어(pedicure)용 제품류",12418.8,407974,216.2,5723,402251
"2025","벨기에","3304","미용이나 메이크업용 제품류와 기초화장용 제품류[의약품은 제외하며, 선스크린(sunscreen)과 선탠(sun tan) 제품류를 포함한다], 매니큐어용 제품류와 페디큐어(pedicure)용 제품류",758.0,24352,164.1,17791,6561
"2025","벨라루스","3304","미용이나 메이크업용 제품류와 기초화장용 제품류[의약품은 제외하며, 선스크린(sunscreen)과 선탠(sun tan) 제품류를 포함한다], 매니큐어용 제품류와 페디큐어(pedicure)용 제품류",200.2,5240,0.0,0,5240
"2025","벨리제","3304","미용이나 메이크업용 제품류와 기초화장용 제품류[의약품은 제외하며, 선스크린(sunscreen)과 선탠(sun tan) 제품류를 포함한다], 매니큐어용 제품류와 페디큐어(pedicure)용 제품류",0.2,15,0.0,0,15
"2025","보네르 신트외스타티위스","3304","미용이나 메이크업용 제품류와 기초화장용 제품류[의약품은 제외하며, 선스크린(sunscreen)과 선탠(sun tan) 제품류를 포함한다], 매니큐어용 제품류와 페디큐어(pedicure)용 제품류",0.1,4,0.0,0,4
"2025","보스니아-헤르체고비나","3304","미용이나 메이크업용 제품류와 기초화장용 제품류[의약품은 제외하며, 선스크린(sunscreen)과 선탠(sun tan) 제품류를 포함한다], 매니큐어용 제품류와 페디큐어(pedicure)용 제품류",1.4,123,0.1,2,121
"2025","보츠와나","3304","미용이나 메이크업용 제품류와 기초화장용 제품류[의약품은 제외하며, 선스크린(sunscreen)과 선탠(sun tan) 제품류를 포함한다], 매니큐어용 제품류와 페디큐어(pedicure)용 제품류",1.3,69,0.0,0,69
"2025","볼리비아","3304","미용이나 메이크업용 제품류와 기초화장용 제품류[의약품은 제외하며, 선스크린(sunscreen)과 선탠(sun tan) 제품류를 포함한다], 매니큐어용 제품류와 페디큐어(pedicure)용 제품류",44.4,1553,0.0,0,1553
"2025","부룬디","3304","미용이나 메이크업용 제품류와 기초화장용 제품류[의약품은 제외하며, 선스크린(sunscreen)과 선탠(sun tan) 제품류를 포함한다], 매니큐어용 제품류와 페디큐어(pedicure)용 제품류",0.0,0,0.0,0,0
"2025","부르키나 파소","3304","미용이나 메이크업용 제품류와 기초화장용 제품류[의약품은 제외하며, 선스크린(sunscreen)과 선탠(sun tan) 제품류를 포함한다], 매니큐어용 제품류와 페디큐어(pedicure)용 제품류",0.1,1,0.0,0,1
"2025","부탄","3304","미용이나 메이크업용 제품류와 기초화장용 제품류[의약품은 제외하며, 선스크린(sunscreen)과 선탠(sun tan) 제품류를 포함한다], 매니큐어용 제품류와 페디큐어(pedicure)용 제품류",47.9,1928,0.0,0,1928
"2025","북마리아나 군도","3304","미용이나 메이크업용 제품류와 기초화장용 제품류[의약품은 제외하며, 선스크린(sunscreen)과 선탠(sun tan) 제품류를 포함한다], 매니큐어용 제품류와 페디큐어(pedicure)용 제품류",1.2,51,0.0,0,51
"2025","불가리아","3304","미용이나 메이크업용 제품류와 기초화장용 제품류[의약품은 제외하며, 선스크린(sunscreen)과 선탠(sun tan) 제품류를 포함한다], 매니큐어용 제품류와 페디큐어(pedicure)용 제품류",338.8,15164,5.6,128,15036
"2025","불령 가이아나","3304","미용이나 메이크업용 제품류와 기초화장용 제품류[의약품은 제외하며, 선스크린(sunscreen)과 선탠(sun tan) 제품류를 포함한다], 매니큐어용 제품류와 페디큐어(pedicure)용 제품류",0.5,24,0.0,0,24
"2025","불령 리유니온 코모도 제도","3304","미용이나 메이크업용 제품류와 기초화장용 제품류[의약품은 제외하며, 선스크린(sunscreen)과 선탠(sun tan) 제품류를 포함한다], 매니큐어용 제품류와 페디큐어(pedicure)용 제품류",7.1,333,0.0,0,332
"2025","불령 폴리네시아","3304","미용이나 메이크업용 제품류와 기초화장용 제품류[의약품은 제외하며, 선스크린(sunscreen)과 선탠(sun tan) 제품류를 포함한다], 매니큐어용 제품류와 페디큐어(pedicure)용 제품류",1.0,50,0.0,0,50
"2025","브라질","3304","미용이나 메이크업용 제품류와 기초화장용 제품류[의약품은 제외하며, 선스크린(sunscreen)과 선탠(sun tan) 제품류를 포함한다], 매니큐어용 제품류와 페디큐어(pedicure)용 제품류",404.6,45211,1.2,114,45098
"2025","브루나이","3304","미용이나 메이크업용 제품류와 기초화장용 제품류[의약품은 제외하며, 선스크린(sunscreen)과 선탠(sun tan) 제품류를 포함한다], 매니큐어용 제품류와 페디큐어(pedicure)용 제품류",57.3,2500,0.0,0,2500
"2025","사우디아라비아","3304","미용이나 메이크업용 제품류와 기초화장용 제품류[의약품은 제외하며, 선스크린(sunscreen)과 선탠(sun tan) 제품류를 포함한다], 매니큐어용 제품류와 페디큐어(pedicure)용 제품류",1661.0,69444,0.3,33,69410
"2025","사이프러스","3304","미용이나 메이크업용 제품류와 기초화장용 제품류[의약품은 제외하며, 선스크린(sunscreen)과 선탠(sun tan) 제품류를 포함한다], 매니큐어용 제품류와 페디큐어(pedicure)용 제품류",92.4,5205,9.4,347,4858
"2025","산마리노","3304","미용이나 메이크업용 제품류와 기초화장용 제품류[의약품은 제외하며, 선스크린(sunscreen)과 선탠(sun tan) 제품류를 포함한다], 매니큐어용 제품류와 페디큐어(pedicure)용 제품류",0.4,128,0.0,0,128
"2025","세네갈","3304","미용이나 메이크업용 제품류와 기초화장용 제품류[의약품은 제외하며, 선스크린(sunscreen)과 선탠(sun tan) 제품류를 포함한다], 매니큐어용 제품류와 페디큐어(pedicure)용 제품류",9.5,402,0.0,0,402
"2025","세르비아","3304","미용이나 메이크업용 제품류와 기초화장용 제품류[의약품은 제외하며, 선스크린(sunscreen)과 선탠(sun tan) 제품류를 포함한다], 매니큐어용 제품류와 페디큐어(pedicure)용 제품류",169.9,6294,0.1,2,6292
"2025","세이쉘","3304","미용이나 메이크업용 제품류와 기초화장용 제품류[의약품은 제외하며, 선스크린(sunscreen)과 선탠(sun tan) 제품류를 포함한다], 매니큐어용 제품류와 페디큐어(pedicure)용 제품류",1.1,43,0.0,0,43
"2025","세인트 루시아","3304","미용이나 메이크업용 제품류와 기초화장용 제품류[의약품은 제외하며, 선스크린(sunscreen)과 선탠(sun tan) 제품류를 포함한다], 매니큐어용 제품류와 페디큐어(pedicure)용 제품류",0.0,2,0.0,0,2
"2025","세인트 바르탤르미","3304","미용이나 메이크업용 제품류와 기초화장용 제품류[의약품은 제외하며, 선스크린(sunscreen)과 선탠(sun tan) 제품류를 포함한다], 매니큐어용 제품류와 페디큐어(pedicure)용 제품류",0.0,0,0.0,0,0
"2025","세인트마틴(생마르탱)","3304","미용이나 메이크업용 제품류와 기초화장용 제품류[의약품은 제외하며, 선스크린(sunscreen)과 선탠(sun tan) 제품류를 포함한다], 매니큐어용 제품류와 페디큐어(pedicure)용 제품류",0.0,8,0.0,0,8
"2025","소말리아","3304","미용이나 메이크업용 제품류와 기초화장용 제품류[의약품은 제외하며, 선스크린(sunscreen)과 선탠(sun tan) 제품류를 포함한다], 매니큐어용 제품류와 페디큐어(pedicure)용 제품류",7.4,384,0.0,0,384
"2025","수단","3304","미용이나 메이크업용 제품류와 기초화장용 제품류[의약품은 제외하며, 선스크린(sunscreen)과 선탠(sun tan) 제품류를 포함한다], 매니큐어용 제품류와 페디큐어(pedicure)용 제품류",1.7,33,0.0,0,33
"2025","수리남","3304","미용이나 메이크업용 제품류와 기초화장용 제품류[의약품은 제외하며, 선스크린(sunscreen)과 선탠(sun tan) 제품류를 포함한다], 매니큐어용 제품류와 페디큐어(pedicure)용 제품류",2.5,142,0.0,0,142
"2025","스리랑카","3304","미용이나 메이크업용 제품류와 기초화장용 제품류[의약품은 제외하며, 선스크린(sunscreen)과 선탠(sun tan) 제품류를 포함한다], 매니큐어용 제품류와 페디큐어(pedicure)용 제품류",19.1,948,0.1,1,946
"2025","스와질랜드","3304","미용이나 메이크업용 제품류와 기초화장용 제품류[의약품은 제외하며, 선스크린(sunscreen)과 선탠(sun tan) 제품류를 포함한다], 매니큐어용 제품류와 페디큐어(pedicure)용 제품류",0.1,3,0.0,0,3
"2025","스웨덴","3304","미용이나 메이크업용 제품류와 기초화장용 제품류[의약품은 제외하며, 선스크린(sunscreen)과 선탠(sun tan) 제품류를 포함한다], 매니큐어용 제품류와 페디큐어(pedicure)용 제품류",728.3,31018,43.5,14392,16627
"2025","스위스","3304","미용이나 메이크업용 제품류와 기초화장용 제품류[의약품은 제외하며, 선스크린(sunscreen)과 선탠(sun tan) 제품류를 포함한다], 매니큐어용 제품류와 페디큐어(pedicure)용 제품류",170.8,6530,142.8,32573,-26043
"2025","스페인","3304","미용이나 메이크업용 제품류와 기초화장용 제품류[의약품은 제외하며, 선스크린(sunscreen)과 선탠(sun tan) 제품류를 포함한다], 매니큐어용 제품류와 페디큐어(pedicure)용 제품류",1040.8,40440,324.4,9033,31406
"2025","슬로바키아","3304","미용이나 메이크업용 제품류와 기초화장용 제품류[의약품은 제외하며, 선스크린(sunscreen)과 선탠(sun tan) 제품류를 포함한다], 매니큐어용 제품류와 페디큐어(pedicure)용 제품류",399.4,15263,0.0,2,15261
"2025","슬로베니아","3304","미용이나 메이크업용 제품류와 기초화장용 제품류[의약품은 제외하며, 선스크린(sunscreen)과 선탠(sun tan) 제품류를 포함한다], 매니큐어용 제품류와 페디큐어(pedicure)용 제품류",16.8,592,0.2,4,588
"2025","시리아","3304","미용이나 메이크업용 제품류와 기초화장용 제품류[의약품은 제외하며, 선스크린(sunscreen)과 선탠(sun tan) 제품류를 포함한다], 매니큐어용 제품류와 페디큐어(pedicure)용 제품류",4.4,143,0.0,0,143
"2025","시에라 리온","3304","미용이나 메이크업용 제품류와 기초화장용 제품류[의약품은 제외하며, 선스크린(sunscreen)과 선탠(sun tan) 제품류를 포함한다], 매니큐어용 제품류와 페디큐어(pedicure)용 제품류",0.8,47,0.0,0,47
"2025","싱가포르","3304","미용이나 메이크업용 제품류와 기초화장용 제품류[의약품은 제외하며, 선스크린(sunscreen)과 선탠(sun tan) 제품류를 포함한다], 매니큐어용 제품류와 페디큐어(pedicure)용 제품류",2997.2,108484,77.8,12608,95875
"2025","아랍에미리트 연합","3304","미용이나 메이크업용 제품류와 기초화장용 제품류[의약품은 제외하며, 선스크린(sunscreen)과 선탠(sun tan) 제품류를 포함한다], 매니큐어용 제품류와 페디큐어(pedicure)용 제품류",5139.4,261709,33.2,415,261294
"2025","아루바","3304","미용이나 메이크업용 제품류와 기초화장용 제품류[의약품은 제외하며, 선스크린(sunscreen)과 선탠(sun tan) 제품류를 포함한다], 매니큐어용 제품류와 페디큐어(pedicure)용 제품류",1.6,94,0.0,0,94
"2025","아르메니아","3304","미용이나 메이크업용 제품류와 기초화장용 제품류[의약품은 제외하며, 선스크린(sunscreen)과 선탠(sun tan) 제품류를 포함한다], 매니큐어용 제품류와 페디큐어(pedicure)용 제품류",33.2,1313,0.0,1,1312
"2025","아르헨티나","3304","미용이나 메이크업용 제품류와 기초화장용 제품류[의약품은 제외하며, 선스크린(sunscreen)과 선탠(sun tan) 제품류를 포함한다], 매니큐어용 제품류와 페디큐어(pedicure)용 제품류",216.8,10460,0.0,1,10459
"2025","아메리칸 사모아","3304","미용이나 메이크업용 제품류와 기초화장용 제품류[의약품은 제외하며, 선스크린(sunscreen)과 선탠(sun tan) 제품류를 포함한다], 매니큐어용 제품류와 페디큐어(pedicure)용 제품류",0.0,3,0.0,0,3
"2025","아이슬란드","3304","미용이나 메이크업용 제품류와 기초화장용 제품류[의약품은 제외하며, 선스크린(sunscreen)과 선탠(sun tan) 제품류를 포함한다], 매니큐어용 제품류와 페디큐어(pedicure)용 제품류",30.4,900,0.0,6,893
"2025","아일랜드","3304","미용이나 메이크업용 제품류와 기초화장용 제품류[의약품은 제외하며, 선스크린(sunscreen)과 선탠(sun tan) 제품류를 포함한다], 매니큐어용 제품류와 페디큐어(pedicure)용 제품류",321.3,10388,0.3,29,10359
"2025","아제르바이잔","3304","미용이나 메이크업용 제품류와 기초화장용 제품류[의약품은 제외하며, 선스크린(sunscreen)과 선탠(sun tan) 제품류를 포함한다], 매니큐어용 제품류와 페디큐어(pedicure)용 제품류",147.0,6662,0.0,7,6655
"2025","아프카니스탄","3304","미용이나 메이크업용 제품류와 기초화장용 제품류[의약품은 제외하며, 선스크린(sunscreen)과 선탠(sun tan) 제품류를 포함한다], 매니큐어용 제품류와 페디큐어(pedicure)용 제품류",43.7,1970,0.0,0,1970
"2025","안도라","3304","미용이나 메이크업용 제품류와 기초화장용 제품류[의약품은 제외하며, 선스크린(sunscreen)과 선탠(sun tan) 제품류를 포함한다], 매니큐어용 제품류와 페디큐어(pedicure)용 제품류",0.3,23,0.0,0,23
"2025","안티가 바부다","3304","미용이나 메이크업용 제품류와 기초화장용 제품류[의약품은 제외하며, 선스크린(sunscreen)과 선탠(sun tan) 제품류를 포함한다], 매니큐어용 제품류와 페디큐어(pedicure)용 제품류",0.1,5,0.0,0,5
"2025","알바니아","3304","미용이나 메이크업용 제품류와 기초화장용 제품류[의약품은 제외하며, 선스크린(sunscreen)과 선탠(sun tan) 제품류를 포함한다], 매니큐어용 제품류와 페디큐어(pedicure)용 제품류",139.3,7265,0.0,0,7265
"2025","알제리","3304","미용이나 메이크업용 제품류와 기초화장용 제품류[의약품은 제외하며, 선스크린(sunscreen)과 선탠(sun tan) 제품류를 포함한다], 매니큐어용 제품류와 페디큐어(pedicure)용 제품류",2.4,180,0.0,0,180
"2025","앙골라","3304","미용이나 메이크업용 제품류와 기초화장용 제품류[의약품은 제외하며, 선스크린(sunscreen)과 선탠(sun tan) 제품류를 포함한다], 매니큐어용 제품류와 페디큐어(pedicure)용 제품류",0.8,44,0.0,0,44
"2025","에스토니아","3304","미용이나 메이크업용 제품류와 기초화장용 제품류[의약품은 제외하며, 선스크린(sunscreen)과 선탠(sun tan) 제품류를 포함한다], 매니큐어용 제품류와 페디큐어(pedicure)용 제품류",1375.9,50505,0.0,4,50501
"2025","에쿠아도르","3304","미용이나 메이크업용 제품류와 기초화장용 제품류[의약품은 제외하며, 선스크린(sunscreen)과 선탠(sun tan) 제품류를 포함한다], 매니큐어용 제품류와 페디큐어(pedicure)용 제품류",112.9,5053,0.0,1,5052
"2025","에티오피아","3304","미용이나 메이크업용 제품류와 기초화장용 제품류[의약품은 제외하며, 선스크린(sunscreen)과 선탠(sun tan) 제품류를 포함한다], 매니큐어용 제품류와 페디큐어(pedicure)용 제품류",1.6,77,0.0,0,77
"2025","엘살바도르","3304","미용이나 메이크업용 제품류와 기초화장용 제품류[의약품은 제외하며, 선스크린(sunscreen)과 선탠(sun tan) 제품류를 포함한다], 매니큐어용 제품류와 페디큐어(pedicure)용 제품류",8.8,353,0.0,0,353
"2025","영국","3304","미용이나 메이크업용 제품류와 기초화장용 제품류[의약품은 제외하며, 선스크린(sunscreen)과 선탠(sun tan) 제품류를 포함한다], 매니큐어용 제품류와 페디큐어(pedicure)용 제품류",4950.8,187344,437.2,22513,164831
"2025","영령 캐이맨 군도","3304","미용이나 메이크업용 제품류와 기초화장용 제품류[의약품은 제외하며, 선스크린(sunscreen)과 선탠(sun tan) 제품류를 포함한다], 매니큐어용 제품류와 페디큐어(pedicure)용 제품류",0.6,42,0.0,0,42
"2025","예맨","3304","미용이나 메이크업용 제품류와 기초화장용 제품류[의약품은 제외하며, 선스크린(sunscreen)과 선탠(sun tan) 제품류를 포함한다], 매니큐어용 제품류와 페디큐어(pedicure)용 제품류",16.1,775,0.0,0,775
"2025","오만","3304","미용이나 메이크업용 제품류와 기초화장용 제품류[의약품은 제외하며, 선스크린(sunscreen)과 선탠(sun tan) 제품류를 포함한다], 매니큐어용 제품류와 페디큐어(pedicure)용 제품류",55.9,2787,0.0,0,2787
"2025","오스트리아","3304","미용이나 메이크업용 제품류와 기초화장용 제품류[의약품은 제외하며, 선스크린(sunscreen)과 선탠(sun tan) 제품류를 포함한다], 매니큐어용 제품류와 페디큐어(pedicure)용 제품류",20.8,966,5.4,112,854
"2025","온두라스","3304","미용이나 메이크업용 제품류와 기초화장용 제품류[의약품은 제외하며, 선스크린(sunscreen)과 선탠(sun tan) 제품류를 포함한다], 매니큐어용 제품류와 페디큐어(pedicure)용 제품류",34.2,1691,0.0,0,1691
"2025","요르단","3304","미용이나 메이크업용 제품류와 기초화장용 제품류[의약품은 제외하며, 선스크린(sunscreen)과 선탠(sun tan) 제품류를 포함한다], 매니큐어용 제품류와 페디큐어(pedicure)용 제품류",16.0,1334,0.0,0,1334
"2025","우간다","3304","미용이나 메이크업용 제품류와 기초화장용 제품류[의약품은 제외하며, 선스크린(sunscreen)과 선탠(sun tan) 제품류를 포함한다], 매니큐어용 제품류와 페디큐어(pedicure)용 제품류",2.1,108,0.0,0,108
"2025","우루과이","3304","미용이나 메이크업용 제품류와 기초화장용 제품류[의약품은 제외하며, 선스크린(sunscreen)과 선탠(sun tan) 제품류를 포함한다], 매니큐어용 제품류와 페디큐어(pedicure)용 제품류",21.7,1111,0.0,1,1111
"2025","우즈베키스탄","3304","미용이나 메이크업용 제품류와 기초화장용 제품류[의약품은 제외하며, 선스크린(sunscreen)과 선탠(sun tan) 제품류를 포함한다], 매니큐어용 제품류와 페디큐어(pedicure)용 제품류",1410.6,36129,0.0,9,36120
"2025","우크라이나","3304","미용이나 메이크업용 제품류와 기초화장용 제품류[의약품은 제외하며, 선스크린(sunscreen)과 선탠(sun tan) 제품류를 포함한다], 매니큐어용 제품류와 페디큐어(pedicure)용 제품류",1528.7,67981,0.2,97,67884
"2025","이라크","3304","미용이나 메이크업용 제품류와 기초화장용 제품류[의약품은 제외하며, 선스크린(sunscreen)과 선탠(sun tan) 제품류를 포함한다], 매니큐어용 제품류와 페디큐어(pedicure)용 제품류",389.3,29306,0.1,31,29275
"2025","이란","3304","미용이나 메이크업용 제품류와 기초화장용 제품류[의약품은 제외하며, 선스크린(sunscreen)과 선탠(sun tan) 제품류를 포함한다], 매니큐어용 제품류와 페디큐어(pedicure)용 제품류",5.0,838,0.0,0,838
"2025","이스라엘","3304","미용이나 메이크업용 제품류와 기초화장용 제품류[의약품은 제외하며, 선스크린(sunscreen)과 선탠(sun tan) 제품류를 포함한다], 매니큐어용 제품류와 페디큐어(pedicure)용 제품류",599.9,24540,53.8,1230,23310
"2025","이집트","3304","미용이나 메이크업용 제품류와 기초화장용 제품류[의약품은 제외하며, 선스크린(sunscreen)과 선탠(sun tan) 제품류를 포함한다], 매니큐어용 제품류와 페디큐어(pedicure)용 제품류",20.5,887,0.0,2,885
"2025","이탈리아","3304","미용이나 메이크업용 제품류와 기초화장용 제품류[의약품은 제외하며, 선스크린(sunscreen)과 선탠(sun tan) 제품류를 포함한다], 매니큐어용 제품류와 페디큐어(pedicure)용 제품류",911.1,27471,872.5,54554,-27083
"2025","인도","3304","미용이나 메이크업용 제품류와 기초화장용 제품류[의약품은 제외하며, 선스크린(sunscreen)과 선탠(sun tan) 제품류를 포함한다], 매니큐어용 제품류와 페디큐어(pedicure)용 제품류",2903.8,78425,806.9,3104,75321
"2025","인도네시아","3304","미용이나 메이크업용 제품류와 기초화장용 제품류[의약품은 제외하며, 선스크린(sunscreen)과 선탠(sun tan) 제품류를 포함한다], 매니큐어용 제품류와 페디큐어(pedicure)용 제품류",3913.4,146272,59.4,1435,144837
"2025","일본","3304","미용이나 메이크업용 제품류와 기초화장용 제품류[의약품은 제외하며, 선스크린(sunscreen)과 선탠(sun tan) 제품류를 포함한다], 매니큐어용 제품류와 페디큐어(pedicure)용 제품류",23340.5,880101,2046.9,95619,784482
"2025","자마이카","3304","미용이나 메이크업용 제품류와 기초화장용 제품류[의약품은 제외하며, 선스크린(sunscreen)과 선탠(sun tan) 제품류를 포함한다], 매니큐어용 제품류와 페디큐어(pedicure)용 제품류",0.0,6,0.0,0,6
"2025","잠비아","3304","미용이나 메이크업용 제품류와 기초화장용 제품류[의약품은 제외하며, 선스크린(sunscreen)과 선탠(sun tan) 제품류를 포함한다], 매니큐어용 제품류와 페디큐어(pedicure)용 제품류",1.2,59,0.0,0,59
"2025","저어지","3304","미용이나 메이크업용 제품류와 기초화장용 제품류[의약품은 제외하며, 선스크린(sunscreen)과 선탠(sun tan) 제품류를 포함한다], 매니큐어용 제품류와 페디큐어(pedicure)용 제품류",0.0,0,0.0,0,0
"2025","조지아","3304","미용이나 메이크업용 제품류와 기초화장용 제품류[의약품은 제외하며, 선스크린(sunscreen)과 선탠(sun tan) 제품류를 포함한다], 매니큐어용 제품류와 페디큐어(pedicure)용 제품류",119.4,7120,0.0,3,7117
"2025","중국","3304","미용이나 메이크업용 제품류와 기초화장용 제품류[의약품은 제외하며, 선스크린(sunscreen)과 선탠(sun tan) 제품류를 포함한다], 매니큐어용 제품류와 페디큐어(pedicure)용 제품류",55750.3,1652087,2252.9,71765,1580323
"2025","중앙아프리카공화국","3304","미용이나 메이크업용 제품류와 기초화장용 제품류[의약품은 제외하며, 선스크린(sunscreen)과 선탠(sun tan) 제품류를 포함한다], 매니큐어용 제품류와 페디큐어(pedicure)용 제품류",0.0,5,0.0,0,5
"2025","지부티","3304","미용이나 메이크업용 제품류와 기초화장용 제품류[의약품은 제외하며, 선스크린(sunscreen)과 선탠(sun tan) 제품류를 포함한다], 매니큐어용 제품류와 페디큐어(pedicure)용 제품류",2.3,238,0.0,0,238
"2025","지브랄타","3304","미용이나 메이크업용 제품류와 기초화장용 제품류[의약품은 제외하며, 선스크린(sunscreen)과 선탠(sun tan) 제품류를 포함한다], 매니큐어용 제품류와 페디큐어(pedicure)용 제품류",0.0,1,0.0,0,1
"2025","짐바브웨","3304","미용이나 메이크업용 제품류와 기초화장용 제품류[의약품은 제외하며, 선스크린(sunscreen)과 선탠(sun tan) 제품류를 포함한다], 매니큐어용 제품류와 페디큐어(pedicure)용 제품류",0.5,26,0.0,0,26
"2025","체코공화국","3304","미용이나 메이크업용 제품류와 기초화장용 제품류[의약품은 제외하며, 선스크린(sunscreen)과 선탠(sun tan) 제품류를 포함한다], 매니큐어용 제품류와 페디큐어(pedicure)용 제품류",872.1,48781,43.6,8635,40147
"2025","칠레","3304","미용이나 메이크업용 제품류와 기초화장용 제품류[의약품은 제외하며, 선스크린(sunscreen)과 선탠(sun tan) 제품류를 포함한다], 매니큐어용 제품류와 페디큐어(pedicure)용 제품류",425.6,21007,0.4,29,20978
"2025","카메룬","3304","미용이나 메이크업용 제품류와 기초화장용 제품류[의약품은 제외하며, 선스크린(sunscreen)과 선탠(sun tan) 제품류를 포함한다], 매니큐어용 제품류와 페디큐어(pedicure)용 제품류",7.2,291,0.0,1,290
"2025","카보 베르데","3304","미용이나 메이크업용 제품류와 기초화장용 제품류[의약품은 제외하며, 선스크린(sunscreen)과 선탠(sun tan) 제품류를 포함한다], 매니큐어용 제품류와 페디큐어(pedicure)용 제품류",0.0,1,0.0,0,1
"2025","카자흐스탄","3304","미용이나 메이크업용 제품류와 기초화장용 제품류[의약품은 제외하며, 선스크린(sunscreen)과 선탠(sun tan) 제품류를 포함한다], 매니큐어용 제품류와 페디큐어(pedicure)용 제품류",3343.8,107538,0.1,6,107532
"2025","카타르","3304","미용이나 메이크업용 제품류와 기초화장용 제품류[의약품은 제외하며, 선스크린(sunscreen)과 선탠(sun tan) 제품류를 포함한다], 매니큐어용 제품류와 페디큐어(pedicure)용 제품류",172.9,9141,0.2,25,9116
"2025","캄보디아","3304","미용이나 메이크업용 제품류와 기초화장용 제품류[의약품은 제외하며, 선스크린(sunscreen)과 선탠(sun tan) 제품류를 포함한다], 매니큐어용 제품류와 페디큐어(pedicure)용 제품류",2926.2,78907,3.3,55,78851
"2025","캐나다","3304","미용이나 메이크업용 제품류와 기초화장용 제품류[의약품은 제외하며, 선스크린(sunscreen)과 선탠(sun tan) 제품류를 포함한다], 매니큐어용 제품류와 페디큐어(pedicure)용 제품류",4859.4,151555,3598.9,41881,109673
"2025","케냐","3304","미용이나 메이크업용 제품류와 기초화장용 제품류[의약품은 제외하며, 선스크린(sunscreen)과 선탠(sun tan) 제품류를 포함한다], 매니큐어용 제품류와 페디큐어(pedicure)용 제품류",46.3,1441,0.0,0,1441
"2025","코스타리카","3304","미용이나 메이크업용 제품류와 기초화장용 제품류[의약품은 제외하며, 선스크린(sunscreen)과 선탠(sun tan) 제품류를 포함한다], 매니큐어용 제품류와 페디큐어(pedicure)용 제품류",41.5,2302,0.0,0,2302
"2025","코트디봐르","3304","미용이나 메이크업용 제품류와 기초화장용 제품류[의약품은 제외하며, 선스크린(sunscreen)과 선탠(sun tan) 제품류를 포함한다], 매니큐어용 제품류와 페디큐어(pedicure)용 제품류",10.1,140,0.0,0,140
"2025","콜롬비아","3304","미용이나 메이크업용 제품류와 기초화장용 제품류[의약품은 제외하며, 선스크린(sunscreen)과 선탠(sun tan) 제품류를 포함한다], 매니큐어용 제품류와 페디큐어(pedicure)용 제품류",170.5,8936,2.7,76,8861
"2025","콩고","3304","미용이나 메이크업용 제품류와 기초화장용 제품류[의약품은 제외하며, 선스크린(sunscreen)과 선탠(sun tan) 제품류를 포함한다], 매니큐어용 제품류와 페디큐어(pedicure)용 제품류",0.9,56,0.0,0,56
"2025","콩고민주공화국","3304","미용이나 메이크업용 제품류와 기초화장용 제품류[의약품은 제외하며, 선스크린(sunscreen)과 선탠(sun tan) 제품류를 포함한다], 매니큐어용 제품류와 페디큐어(pedicure)용 제품류",0.8,49,0.0,0,49
"2025","쿠바","3304","미용이나 메이크업용 제품류와 기초화장용 제품류[의약품은 제외하며, 선스크린(sunscreen)과 선탠(sun tan) 제품류를 포함한다], 매니큐어용 제품류와 페디큐어(pedicure)용 제품류",0.9,30,0.0,0,30
"2025","쿠웨이트","3304","미용이나 메이크업용 제품류와 기초화장용 제품류[의약품은 제외하며, 선스크린(sunscreen)과 선탠(sun tan) 제품류를 포함한다], 매니큐어용 제품류와 페디큐어(pedicure)용 제품류",530.9,19730,0.0,1,19729
"2025","큐라소","3304","미용이나 메이크업용 제품류와 기초화장용 제품류[의약품은 제외하며, 선스크린(sunscreen)과 선탠(sun tan) 제품류를 포함한다], 매니큐어용 제품류와 페디큐어(pedicure)용 제품류",0.4,23,0.0,0,23
"2025","크로아티아","3304","미용이나 메이크업용 제품류와 기초화장용 제품류[의약품은 제외하며, 선스크린(sunscreen)과 선탠(sun tan) 제품류를 포함한다], 매니큐어용 제품류와 페디큐어(pedicure)용 제품류",103.5,5090,0.6,113,4977
"2025","키르기스스탄","3304","미용이나 메이크업용 제품류와 기초화장용 제품류[의약품은 제외하며, 선스크린(sunscreen)과 선탠(sun tan) 제품류를 포함한다], 매니큐어용 제품류와 페디큐어(pedicure)용 제품류",2877.3,82135,0.0,0,82135
"2025","타지크","3304","미용이나 메이크업용 제품류와 기초화장용 제품류[의약품은 제외하며, 선스크린(sunscreen)과 선탠(sun tan) 제품류를 포함한다], 매니큐어용 제품류와 페디큐어(pedicure)용 제품류",15.1,417,0.0,0,417
"2025","탄자니아","3304","미용이나 메이크업용 제품류와 기초화장용 제품류[의약품은 제외하며, 선스크린(sunscreen)과 선탠(sun tan) 제품류를 포함한다], 매니큐어용 제품류와 페디큐어(pedicure)용 제품류",49.1,2547,0.0,0,2547
"2025","태국","3304","미용이나 메이크업용 제품류와 기초화장용 제품류[의약품은 제외하며, 선스크린(sunscreen)과 선탠(sun tan) 제품류를 포함한다], 매니큐어용 제품류와 페디큐어(pedicure)용 제품류",5869.2,207563,2070.4,20246,187318
"2025","토고","3304","미용이나 메이크업용 제품류와 기초화장용 제품류[의약품은 제외하며, 선스크린(sunscreen)과 선탠(sun tan) 제품류를 포함한다], 매니큐어용 제품류와 페디큐어(pedicure)용 제품류",0.6,34,0.0,0,34
"2025","토켈라우","3304","미용이나 메이크업용 제품류와 기초화장용 제품류[의약품은 제외하며, 선스크린(sunscreen)과 선탠(sun tan) 제품류를 포함한다], 매니큐어용 제품류와 페디큐어(pedicure)용 제품류",0.3,24,0.0,0,24
"2025","투르크 & 카이코스 군도","3304","미용이나 메이크업용 제품류와 기초화장용 제품류[의약품은 제외하며, 선스크린(sunscreen)과 선탠(sun tan) 제품류를 포함한다], 매니큐어용 제품류와 페디큐어(pedicure)용 제품류",0.3,10,0.0,0,10
"2025","투르크멘","3304","미용이나 메이크업용 제품류와 기초화장용 제품류[의약품은 제외하며, 선스크린(sunscreen)과 선탠(sun tan) 제품류를 포함한다], 매니큐어용 제품류와 페디큐어(pedicure)용 제품류",8.9,380,0.0,0,380
"2025","튀니지","3304","미용이나 메이크업용 제품류와 기초화장용 제품류[의약품은 제외하며, 선스크린(sunscreen)과 선탠(sun tan) 제품류를 포함한다], 매니큐어용 제품류와 페디큐어(pedicure)용 제품류",5.5,428,0.0,1,427
"2025","튀르키예","3304","미용이나 메이크업용 제품류와 기초화장용 제품류[의약품은 제외하며, 선스크린(sunscreen)과 선탠(sun tan) 제품류를 포함한다], 매니큐어용 제품류와 페디큐어(pedicure)용 제품류",1844.8,83528,16.8,325,83203
"2025","트리니다드 토바고","3304","미용이나 메이크업용 제품류와 기초화장용 제품류[의약품은 제외하며, 선스크린(sunscreen)과 선탠(sun tan) 제품류를 포함한다], 매니큐어용 제품류와 페디큐어(pedicure)용 제품류",11.3,525,0.0,0,525
"2025","티모르","3304","미용이나 메이크업용 제품류와 기초화장용 제품류[의약품은 제외하며, 선스크린(sunscreen)과 선탠(sun tan) 제품류를 포함한다], 매니큐어용 제품류와 페디큐어(pedicure)용 제품류",0.1,3,0.0,0,3
"2025","파나마","3304","미용이나 메이크업용 제품류와 기초화장용 제품류[의약품은 제외하며, 선스크린(sunscreen)과 선탠(sun tan) 제품류를 포함한다], 매니큐어용 제품류와 페디큐어(pedicure)용 제품류",46.6,1943,0.1,2,1941
"2025","파라과이","3304","미용이나 메이크업용 제품류와 기초화장용 제품류[의약품은 제외하며, 선스크린(sunscreen)과 선탠(sun tan) 제품류를 포함한다], 매니큐어용 제품류와 페디큐어(pedicure)용 제품류",91.9,3864,0.0,3,3862
"2025","파키스탄","3304","미용이나 메이크업용 제품류와 기초화장용 제품류[의약품은 제외하며, 선스크린(sunscreen)과 선탠(sun tan) 제품류를 포함한다], 매니큐어용 제품류와 페디큐어(pedicure)용 제품류",260.9,15147,0.0,1,15146
"2025","파푸아 뉴기니","3304","미용이나 메이크업용 제품류와 기초화장용 제품류[의약품은 제외하며, 선스크린(sunscreen)과 선탠(sun tan) 제품류를 포함한다], 매니큐어용 제품류와 페디큐어(pedicure)용 제품류",0.1,8,0.0,0,8
"2025","팔라우","3304","미용이나 메이크업용 제품류와 기초화장용 제품류[의약품은 제외하며, 선스크린(sunscreen)과 선탠(sun tan) 제품류를 포함한다], 매니큐어용 제품류와 페디큐어(pedicure)용 제품류",0.0,0,0.0,0,0
"2025","팔레스타인 해방기구","3304","미용이나 메이크업용 제품류와 기초화장용 제품류[의약품은 제외하며, 선스크린(sunscreen)과 선탠(sun tan) 제품류를 포함한다], 매니큐어용 제품류와 페디큐어(pedicure)용 제품류",5.0,343,0.0,0,343
"2025","페루","3304","미용이나 메이크업용 제품류와 기초화장용 제품류[의약품은 제외하며, 선스크린(sunscreen)과 선탠(sun tan) 제품류를 포함한다], 매니큐어용 제품류와 페디큐어(pedicure)용 제품류",177.1,10769,0.1,7,10762
"2025","포루투갈","3304","미용이나 메이크업용 제품류와 기초화장용 제품류[의약품은 제외하며, 선스크린(sunscreen)과 선탠(sun tan) 제품류를 포함한다], 매니큐어용 제품류와 페디큐어(pedicure)용 제품류",9.8,946,0.5,63,882
"2025","폴란드","3304","미용이나 메이크업용 제품류와 기초화장용 제품류[의약품은 제외하며, 선스크린(sunscreen)과 선탠(sun tan) 제품류를 포함한다], 매니큐어용 제품류와 페디큐어(pedicure)용 제품류",7559.8,245781,419.7,7246,238535
"2025","푸에르토리코","3304","미용이나 메이크업용 제품류와 기초화장용 제품류[의약품은 제외하며, 선스크린(sunscreen)과 선탠(sun tan) 제품류를 포함한다], 매니큐어용 제품류와 페디큐어(pedicure)용 제품류",21.4,1195,0.0,0,1195
"2025","프랑스","3304","미용이나 메이크업용 제품류와 기초화장용 제품류[의약품은 제외하며, 선스크린(sunscreen)과 선탠(sun tan) 제품류를 포함한다], 매니큐어용 제품류와 페디큐어(pedicure)용 제품류",2738.7,115247,6398.0,321381,-206134
"2025","피지","3304","미용이나 메이크업용 제품류와 기초화장용 제품류[의약품은 제외하며, 선스크린(sunscreen)과 선탠(sun tan) 제품류를 포함한다], 매니큐어용 제품류와 페디큐어(pedicure)용 제품류",9.4,542,2.9,44,497
"2025","핀란드","3304","미용이나 메이크업용 제품류와 기초화장용 제품류[의약품은 제외하며, 선스크린(sunscreen)과 선탠(sun tan) 제품류를 포함한다], 매니큐어용 제품류와 페디큐어(pedicure)용 제품류",453.0,16967,2.0,93,16873
"2025","필리핀","3304","미용이나 메이크업용 제품류와 기초화장용 제품류[의약품은 제외하며, 선스크린(sunscreen)과 선탠(sun tan) 제품류를 포함한다], 매니큐어용 제품류와 페디큐어(pedicure)용 제품류",5016.4,95674,0.5,24,95650
"2025","헝가리","3304","미용이나 메이크업용 제품류와 기초화장용 제품류[의약품은 제외하며, 선스크린(sunscreen)과 선탠(sun tan) 제품류를 포함한다], 매니큐어용 제품류와 페디큐어(pedicure)용 제품류",111.2,4770,12.3,372,4398
"2025","호주","3304","미용이나 메이크업용 제품류와 기초화장용 제품류[의약품은 제외하며, 선스크린(sunscreen)과 선탠(sun tan) 제품류를 포함한다], 매니큐어용 제품류와 페디큐어(pedicure)용 제품류",5169.3,140250,297.2,9669,130581
"2025","홍콩","3304","미용이나 메이크업용 제품류와 기초화장용 제품류[의약품은 제외하며, 선스크린(sunscreen)과 선탠(sun tan) 제품류를 포함한다], 매니큐어용 제품류와 페디큐어(pedicure)용 제품류",13532.9,595333,136.7,9414,585919